Aalderink Poedercoaten en KTL B.V.,Garstweg 10,7676 STWESTERHAAR - VRIEZENVEENSEWIJK,http://www.aalderink-coating.nl
Accell Nederland B.V.,Industrieweg 4,8440 ARHEERENVEEN,http://www.batavus.nl
AD Chemicals B.V.,Markweg Zuid 27,4794 SNHEIJNINGEN,http://www.adinternationalbv.com
Adruu B.V.,Ekkersrijt 7302,5692 HHSON EN BREUGEL,http://www.adruu.nl
Airblast Abrasives B.V.,Fluorietweg 23 E,1812 RRALKMAAR,http://www.airblast-abrasives.com
Airblast B.V.,Nijverheidsplein 2 A,1704 RBHEERHUGOWAARD,http://www.airblast.com
Aldor B.V.,Wetering 21,6002 SMWEERT,http://www.aldorbv.nl
Altec Industrial Identification,Nieuwland Parc 159,3351 LJPAPENDRECHT,http://www.altec.nl
Alufinish GmbH & Co. Kg,Otto Wolf Strasse 7 - 15,D-56626ANDERNACH,http://www.alufinish.de
Alulox Oppervlaktechniek B.V.,Calandstraat 73,3125 BASCHIEDAM,https://www.alulox.nl
Alumet B.V.,Nieuwe Donk 7,4879 ACETTEN-LEUR,http://www.alumet.nl
Alutech Nederland,Ambachtweg 6,2222 AKKATWIJK,http://www.sag.at
Amitech B.V.,Fahrenheitstraat 45-2,3846 CCHARDERWIJK,http://www.amitech.nl
apt Extrusions B.V.,Industrieweg 8,6045 JGROERMOND,https://www.apt-alu-products.com/apt-alu-product-technology-nl/
Arosta Beverwijk B.V.,Industrieweg 9,1948 PABEVERWIJK,http://www.arostabeverwijk.nl
Astra-Stramon B.V.,'t Hoogvelt 6,5721 VWASTEN,http://www.astrastramon.nl
ATM Heerhugowaard B.V.,Celsiusstraat 1,1704 RXHEERHUGOWAARD,http://www.atmheerhugowaard.nl
ATM Oirschot B.V.,De Scheper 406,5688 HPOIRSCHOT,http://www.atmoirschot.nl
Atotech B.V.,Strijkviertel 35-2,3454 PJDE MEERN,http://www.atotech.nl
AVA Luchttechniek B.V.,Bedrijvenpark Twente 57,7602 KCALMELO,http://www.ava-luchttechniek.nl
B. Kamphorst & Zonen B.V.,Spaceshuttle 20,3824 MLAMERSFOORT,http://www.kamphorstgalvano.nl
Baril Coatings B.V.,Zilverenberg 9,5234 GLDEN BOSCH,http://www.baril.nl
Benjamin Industries B.V.,Nijverheidsweg 15,4879 APETTEN-LEUR,http://www.benjaminbv.nl
Bionic Technology B.V.,Zeefbaan 18,9672 BNWINSCHOTEN,http://www.bionictechnology.nl
Black Oxyde Nederland B.V.,Binnenhavenstraat 4,7553 GJHENGELO,http://www.blackoxyde.nl
Boerema's Coating Systems B.V.,Het Helmhout 19,9206 AZDRACHTEN,http://www.bcs-drachten.nl
Boma Coating B.V.,Quinten Matsyslaan 59,5642 JCEINDHOVEN,http://www.bomacoating.nl
Boon Edam B.V.,Ambachtstraat 4,1135 GGEDAM,http://www.boonedam.com
Braker Spuittechniek B.V.,Aquamarijnstraat 106,7554 NTHENGELO,http://www.brakerspuittechniek.nl
Brand Offshore Maintenance B.V.,Boschring 91,5052 HGGOIRLE,http://www.brandoffshore.com
Brandsma Metaalveredeling B.V.,Europaweg 1,8181 BGHEERDE,http://www.brandsma.net
Bruns en Broekhuis Color Coating B.V.,De Mors 65,7631 BAOOTMARSUM,http://www.bruns-broekhuis.nl
BWB-Alucol B.V.,Soerendonck 3,6086 BWNEER,http://www.alucol.nl
BYK-Gardner GmbH,Lausitzer Strasse 8,D-82538GERETSRIED,http://www.byk.com
C & T Technics B.V.,Frontstraat 12 A,5405 AKUDEN,http://www.ct-technics.nl
C.T.B. Holland B.V.,Aventurijn 191,3316 LBDORDRECHT,http://www.ctbholland.com
Carrecon Poedercoatings B.V.,Noordbaan 860 - 870,2841 MGMOORDRECHT,http://www.carrecon.nl
Chemetall B.V.,IJsselstraat 41,5347 KGOSS,http://www.chemetall.com
Coatinc Anox B.V.,Industrielaan 17,3925 BDSCHERPENZEEL,https://www.coatinc.com/nl/locaties/nederland/scherpenzeel-nl/
Coating Advies Nederland B.V.,Kraaivenstraat 36-02,5048 ABTILBURG,http://www.coatingadvies.nl
Coatingsystemen Van der Lans,Vondelwende 21,2182 VTHILLEGOM,http://www.coatingsystemenvanderlans.nl
Cobla Coating Systems B.V.,Industrieweg 2 K/L,4731 SCOUDENBOSCH,http://www.cobla.nl
Coes Metaalbescherming B.V.,Daarlerveenseweg 7,7671 SJVRIEZENVEEN,http://www.coes.nl
Color Coating B.V.,Marowijne 48,7333 PJAPELDOORN,http://www.colorcoating.nl
Cornet Service B.V.,Velsenstraat 6,4251 LJWERKENDAM,http://www.cornetservice.nl
Cuijpers Services B.V.,Business Park Stein 408,6181 MDELSLOO,http://www.cuijpers.nl
CWS Powder Coatings GmbH,Katharinenstrasse 61,D-52353DÜREN (DUITSLAND),http://www.cws-powder.de
CZL Tilburg B.V.,Boterberg 30,5047 STTILBURG,http://www.czltilburg.nl
De Buren Coating B.V.,Energieweg 10,4691 SGTHOLEN,http://www.deburencoating.nl
De Greef Coatings B.V.,Merwedeweg 13,3621 LPBREUKELEN,http://www.degreefcoatings.nl
De Lange Technische Installaties B.V.,Koperweg 11 L,2401 LHALPHEN AAN DEN RIJN,http://www.ltibv.nl
De Ploeg Techniek B.V.,1e Tussendijk 1,5705 CGHELMOND,http://www.deploegtechniek.nl
De Run Metaalcoating B.V.,De Run 5118,5503 LVVELDHOVEN,http://www.metaalcoating.nl
De Straal Zaak,Chroomstraat 5 A,8211 ASLELYSTAD,http://www.destraalzaak.nl
De Wit B.V.,Gerstdijk 17,5704 RGHELMOND,http://www.dewit-helmond.nl
DecoCoat B.V.,Hermes 12,8448 CKHEERENVEEN,http://www.decocoat.nl
Deege Coating Moerdijk B.V.,Kievitweg 2,4791 RWKLUNDERT,http://www.deege-coating.nl
Dekracoat B.V.,De Maas 22 G,5684 PLBEST,http://www.dekracoat.nl
Dijkman Oppervlaktebehandeling B.V.,Handelsweg 7,7041 GX'S-HEERENBERG,http://www.dijkmancoating.nl
Disselhorst Metaal B.V.,Overkampsweg 26,8102 PHRAALTE,http://www.disselhorstmetaal.nl
Doornenbal Poedercoatings B.V.,Kruisboog 41,3905 TEVEENENDAAL,http://www.poedercoaters.nl
Drent Techniek B.V.,Mon Plaisir 53,4879 ALETTEN-LEUR,http://www.drenttechniek.nl
DutchAero B.V.,Zwaanstraat 1,5651 CAEINDHOVEN,http://www.dutchaero.nl
Dycomet Europe B.V.,It Vegelinskampke 9,8491 PDAKKRUM,http://www.dycomet.nl
Edco Las/Snij & Vlamspuittechniek B.V.,Charles Petitweg 17,4847 NWTETERINGEN,http://www.edco-benelux.com
Efté Coating B.V.,Rooijakkersstraat 14,5652 BBEINDHOVEN,http://www.efte.nl
EK Coating B.V.,Krekenburg 19,3417 MHMONTFOORT,http://www.koppers-coatings.nl
Elcometer B.V.,Euclideslaan 259,3584 BVUTRECHT,http://www.elcometer.com
Electro Coat B.V.,Industrieweg 35,6039 APSTRAMPROY,http://www.weertgroep.net
Element Materials Technology Amsterdam B.V.,Zekeringstraat 33,1014 BVAMSTERDAM,http://www.element.com
Epoxy B.V.,Hanepoel 20 - 34,2136 NKZWAANSHOEK,http://www.epoxybv.nl
Euramax Coated Products B.V.,Industrieweg 6,6044 JGROERMOND,http://www.euramax.nl
Euro-Bis Poedercoating B.V.,Industrieweg 7,4731 SBOUDENBOSCH,http://www.eurobis.nl
Euro-Lacke B.V.,De Riemsdijk 4,4004 LCTIEL,http://www.eurolacke.nl
Eurogrit B.V.,Noordhoek 7,3351 LDPAPENDRECHT,http://www.eurogrit.com
Fa. Koppers & Van der Hulst V.O.F.,Bovendijk 24,3648 NMWILNIS,http://www.kopperscoating.nl
Fokker Aerostructures B.V.,Industrieweg 4,3351 LBPAPENDRECHT,http://www.stork.com/16795/
Fujifilm Manufacturing Europe B.V,Oudenstaart 1,5047 TKTILBURG,http://www.fujifilmtilburg.nl
Galvamé Oppervlaktetechnieken B.V.,Willingestraat 41,3087 ANROTTERDAM,http://www.galvame.nl
Galvanisch Bedrijf Latour B.V.,Mercuriusstraat 7,6541 BMNIJMEGEN,http://www.latourgalvano.nl
Galvanisch Bedrijf Wilbo B.V.,Deurningerstraat 380,7522 CRENSCHEDE,http://www.wilbo.nl
Galvaniseerbedrijf De Vries B.V.,Aalbosweg 29-31,8171 MAVAASSEN,http://www.galvaniseerbedrijfdevries.nl/
Galvano Hengelo B.V.,Scandinaviëlaan 21,7559 SJHENGELO,http://www.galvanohengelo.nl
Galvano van Wolferen B.V.,Westrak 230,1771 SVWIERINGERWERF,http://www.galvanovanwolferen.nl
Galvano-Technisch Bedrijf Mikron B.V.,Jules Vernestraat 10,5015 BLTILBURG,http://www.mikronhardchroom.nl
Galvin B.V.,Souvereinstraat 8,4903 RHOOSTERHOUT,http://www.galvin.nl
Geerlox Poeder Coatings B.V.,Industrieweg 24,3133 EEVLAARDINGEN,http://www.geerlox.com
Georg Fischer N.V.,Lange Veenteweg 19,8161 PAEPE,http://www.georgfischer.nl
Glasbeek Finish B.V.,Noordkade 20,2741 EVWADDINXVEEN,http://www.glasbeekfinish.nl
Global Coating B.V.,Loperweg 34,6101 AEECHT,http://www.global-coating.nl
Greif Nederland B.V. Closure Systems,Asterweg 25,1031 HLAMSTERDAM,-
Gritstra Metaalconservering B.V.,Galvaniweg 7,5482 TNSCHIJNDEL,http://www.gritstra.nl
GTB Finish,Petunialaan 16,5582 HAWAALRE,http://www.gtbfinish.com
GTO Plating B.V.,Rietveldenweg 32 B,5222 AR'S-HERTOGENBOSCH,http://www.gtoplating.nl
HangOn B.V.,Songertweg 16,5961 NGHORST,http://www.hangon.co
Hardchroom Wever B.V.,Industrieweg 4,1566 JPASSENDELFT,http://www.hardchroomwever.nl
HaTwee B.V.B.A.,Koolskampstraat 63,B-8810LICHTERVELDE,http://www.hatwee.be
Haveman Edelmetaal B.V.,Populierendreef 321,2272 RHVOORBURG,http://www.haveman-edelmetaal.nl
HAWKING Benelux B.V.,Willem Alexanderlaan 5,5263 AZVUGHT,-
Hegin Metalfinishing B.V.,Sportlaan 8,8181 BEHEERDE,http://www.hegin.nl
Helmut Fischer Meettechniek B.V.,Tarasconweg 10,5627 GBEINDHOVEN,http://www.helmutfischer.nl
Hendor Pompen B.V.,Leemskuilen 15,5531 NKBLADEL,http://www.hendor.com
Heras B.V.,Hekdam 1,5688 JEOIRSCHOT,http://www.heras.nl
Hessels Coating B.V.,Baarschot 48 (industrienr 7866),4817 ZZBREDA,http://www.hesselscoating.nl
Hoco RST,Wenckenbachstraat 1 (4F-02),1951 JZVELSEN-NOORD,-
Hodij Coatings B.V.,Industrieweg 51,7903 AJHOOGEVEEN,http://www.hodijcoatings.nl
Holland Mineraal B.V.,Tielstraat 39008,7418 CSDEVENTER,http://www.hollandmineraal.nl
Holland Poedercoat B.V.,De Factorij 21,1689 AKZWAAG,http://www.hollandpoedercoat.nl
HST Europe Nederland B.V.,Edyweg 24-28,6956 BBSPANKEREN,http://www.hst-europe.com
Hydro Extrusion Hoogezand B.V.,Nijverheidsweg 9,9601 LXHOOGEZAND,http://www.sapagroup.com/nl/aluminium
IFO Nederland B.V.,Appelboogerd 2,4003 BVTIEL,http://www.ifo-nederland.nl
IGP Benelux B.V.,Rietveldstraat 18,8013 RWZWOLLE,http://www.igp-powder.com
IJdema Poedercoating B.V. (1),Harlingerstraat 2,1704 BTHEERHUGOWAARD,http://www.ijdema.nl
IJdema Poedercoating B.V. (2),Newtonstraat 10,1704 SBHEERHUGOWAARD,http://www.ijdema.nl
Impreglon B.V.,Nikkelwerf 5,6641 TMBEUNINGEN,http://www.impreglon.nl
Impreglon Surface Technology B.V.,Vuurijzer 1,5753 SVDEURNE,http://impreglon.de/deurne/en
Indufinish B.V.,Willem Barentszstraat 5,7825 VZEMMEN,http://www.indufinish.com
Industrie Coating Harderwijk V.O.F.,Industrieweg 5,3846 BAHARDERWIJK,http://www.industriecoating.nl
Industriele Moffellakspuiterij P.C. Breedveld B.V.,Schelluinsestraat 38,4203 NMGORINCHEM,http://www.breedveldcoatings.nl
Industriële Spuiterij en Poedercoating Gebr. Slegers B.V.,Korte dijk 8,5705 CVHELMOND,http://www.slegersbv.nl
Iris N.V.,Winkelomseheide 219,B-2440GEEL,http://www.iris.be
Jacobs NCI,Spikweien 8,5943 ADLOMM,http://www.jacobs-nci.com
Jansen Chroom B.V.,Oosterstraat 202,7531 TNENSCHEDE,http://www.jansenchroom.nl
Janus Metaal B.V.,Nieuwe Atelierstraat 15,5056 DZTILBURG,http://www.janusmetaal.nl
Jonkman Coating B.V.,Beitelstraat 16,7556 NCHENGELO,http://www.jonkman-coating.nl
Kalfsvel Metaalcoating B.V.,Gerrit Bolkade 3,1507 BRZAANDAM,http://www.kalfsvel.nl
Kamp Coating Apeldoorn B.V.,Curacao 15,7332 BLAPELDOORN,http://www.kampcoating.nl
Kamp Coating Emmen B.V.,Kapitein Nemostraat 14 A,7821 ACEMMEN,http://www.kampcoating.nl
Kamp Coating Vianen B.V.,Korte Dreef 10,4131 PMVIANEN,http://www.kampcoating.nl
Kamphuis Nijverdal B.V.,Bedrijvenweg 44-46,7442 CWNIJVERDAL,http://www.kamphuisnijverdal.nl
Kamps Straal- en Industriële Spuitwerken,Schouwersweg 82,4451 HTHEINKENSZAND,http://www.kampsstraalbedrijf.nl
Kanto B.V.,Mandenmakerstraat 6,5405 BJUDEN,-
Keuter Poedercoating B.V.,Parallelweg 40,7741 KBCOEVORDEN,http://www.keuterpoedercoating.nl
KLM Engineering & Maintenance,"Van Weerdenpoelmanweg, Gebouw 410 (SPL/TM)",1117 ZLSCHIPHOL-OOST,-
Kluthe Benelux B.V.,Produktieweg 8,2404 CCALPHEN AAN DEN RIJN,http://www.kluthe.com
KO-AR B.V.,Neerlandia 16,1841 JKSTOMPETOREN,http://www.ko-ar.nl
Kolmer Elektromotoren B.V.,Industrieweg 16,3881 LBPUTTEN,http://www.kolmer.nl
Kooistra Poedercoating B.V.,Loswal 4 A,9206 AHDRACHTEN,http://www.kooistrapoedercoating.nl
Kriek Poedercoaten B.V.,Bedrijfsweg 11,2404 CBALPHEN AAN DEN RIJN,http://www.kriekbv.nl
KUHN-Geldrop B.V.,Nuenenseweg 165,5667 KPGELDROP,http://www.kuhn.nl
Kverneland Group Nieuw-Vennep B.V.,Hoofdweg 1278,2153 LRNIEUW-VENNEP,http://www.kvernelandgroup.com
L.F.T. Coating Industrie,Randweg 21,5683 CLBEST,http://www.lft.nl
Lakfabriek Korthals B.V.,Maxwellstraat 2,1976 ADIJMUIDEN,http://www.korthals.nl
Lakspuiterij De Uitkomst B.V.,Vlier 13,5662 TMGELDROP,http://www.deuitkomst.nl
Leering Hengelo B.V.,Barnsteenstraat 1,7554 TCHENGELO,http://www.leering.nl
Legrand Nederland B.V.,Van Salmstraat 76,5281 RSBOXTEL,http://www.legrand.nl
Lely Industries N.V.,Cornelis van der Lelylaan 1,3147 PBMAASSLUIS,http://www.lely.com
Lens Technische Handelsonderneming Plaatwerkerij en Coating B.V.,Plompertstraat 26,3087 BDROTTERDAM,http://www.lensbv.nl
Lieftink Geveltechniek,Produktieweg 15 - 17,2404 CCALPHEN AAN DEN RIJN,http://www.lieftink.nl
Limburgia Bouwbeslag B.V.,De Flammert 1006,5854 NABERGEN,http://www.limburgia.info
Loko Gramsbergen B.V.,Hoge Holt 4 A,7783 BHGRAMSBERGEN,http://www.lokogalvano.nl
LTC International B.V.,Trapezium 250,3364 DLSLIEDRECHT,http://www.ltc-international.nl
M.B.S. Mollen Business Solutions,Dragonder 49 B,5555 XZVALKENSWAARD,http://www.mbs-online.nl
M.B.S. Range B.V.,Industrieweg 10,4541 HJSLUISKIL,http://www.mbsrange.com
M.T.C. Poeder Coating B.V.,Buitenhavenweg 70,3113 BDSCHIEDAM,http://www.mtcpoedercoating.nl/m/
M.V.I. Someren B.V.,Industrielaan 2,5711 CXSOMEREN,http://www.mvi-someren.nl
Maas Coating B.V.,Bosschebaan 56,5384 VZHEESCH,http://www.maascoating.nl
MacDermid Enthone B.V.,Kleine Elst 11,5246 JKROSMALEN,http://www.enthone.nl
Magistor B.V.,Ambachtsstraat 14,7461 TPRIJSSEN,http://www.magistor.nl
MAGNETO Special Anodes B.V.,Calandstraat 109,3125 BASCHIEDAM,http://www.magneto.nl
Mavom Chemie B.V.,Handelsweg 6,2404 CDALPHEN AAN DEN RIJN,http://www.mavom.nl
Mefiag B.V.,Magnesiumweg 2,8445 PJHEERENVEEN,http://www.mefiag.com
Meijers Pan-Glaze V.O.F.,Ambachtsstraat 27,7102 DWWINTERSWIJK,http://www.bakvormen.nl
Mepaco B.V.,Energieweg 77 A,2382 NHZOETERWOUDE,http://www.mepaco.nl
Metaalindustrie Waelbers B.V.,Hoge Akkers 13,7961 ARRUINERWOLD,http://www.waelbers.com
Metaalwerken Bergen op Zoom B.V.,Bongaertsweg 8,4612 PLBERGEN OP ZOOM,http://www.bozgroup.eu
Metagro Special Coatings B.V.,Rietweg 5,4209 DASCHELLUINEN,http://www.metagrosc.nl
Metalak B.V.,Sir Rowland Hillstraat 8,4004 JTTIEL,http://www.metalak.nl
Metall- und Oberflächenchemie Sperzel GmbH,Freisenbergstrasse 18,D-58513LÜDENSCHEID,http://www.metachem.de
MHB B.V.,Onderstalstraat 3,6674 MEHERVELD,http://www.mhb.nl
Milcon Technology B.V.,Kubus 14,3364 DGSLIEDRECHT,http://www.milcontech.nl
Misset Markelo B.V.,Industrieweg 6,7475 NHMARKELO,http://www.missetmarkelo.nl
Moffel- en Spuitinrichting G. van Rijn B.V.,Elektronweg 18,3542 ACUTRECHT,http://www.vanrijncoating.com
Moffelindustrie H. van Egmond B.V.,Bellstraat 11,3133 KEVLAARDINGEN,http://www.moffelindustrie.nl
MSP Systems B.V.,Het Lentfert 1,7547 SNENSCHEDE,http://www.mspsystems.nl
Multinal Alphen aan den Rijn,Curieweg 2 B,2408 BZALPHEN AAN DEN RIJN,http://www.multinal.com
Multinal Amsterdam,Rhôneweg 10,1043 AHAMSTERDAM,http://www.multinal.com
Multinal Coevorden,Modem 32,7741 MJCOEVORDEN,http://www.multinal.com
Multinal Group B.V.,Rhôneweg 10,1043 AHAMSTERDAM,http://www.multinal.com
Multinal Hoogezand,Abramskade 12,9601 KMHOOGEZAND,http://www.multinal.com
Multinal Industrial & Marine Services,Dukdalfweg 57,1332 BLALMERE,http://www.multinal.com
Multinal Maassluis,Weverskade 60,3147 PAMAASSLUIS,http://www.multinal.com
Multinal Vlaardingen,Edisonstraat 7,3133 KGVLAARDINGEN,http://www.multinal.com
N.F.B. Coatings B.V.,De Dieze 21,5684 PRBEST,http://www.nfb.nl
Nanoclean Coating B.V.,Tinnegieter 9 B,9502 EXSTADSKANAAL,http://www.nanocleancoating.nl
Nederlandse Anodising Maatschappij B.V.,Hoefsmid 3,2292 JJWATERINGEN,http://www.anodising.nl
Nedinsco B.V.,Jan van Riebeeckweg 5,5928 LGVENLO,http://www.nedinsco.com
NESTcoat Repair B.V.,Rozenhof 33 - 212,3311 JTDORDRECHT,http://www.nestcoat.nl
Nordson Benelux B.V.,Bergerstraat 10,6226 BDMAASTRICHT,http://www.nordson.com/ics
NTS Finish B.V.,Stökskesweg 20,5571 TJBERGEIJK,http://www.nts-group.nl
OCAS N.V.,President John F. Kennedylaan 3,B-9060ZELZATE,http://www.ocas.be
Oerlikon Balzers Coating Benelux,Newtonstraat 15,4004 KDTIEL,http://www.oerlikon.com/balzers/nl
Oppervlak- en Metaalbescherming Schoen B.V.,Paltrokstraat 31,1508 EJZAANDAM,http://www.schoenbv.nl
Oppervlakte Techniek Benelux B.V. (OTB),Petunialaan 17,5582 HAWAALRE,http://www.otbbv.eu
Oude Hesselink Coating B.V.,Zandhaarweg 36,7595 KMWEERSELO,http://www.oudehesselink.nl
Ovako Twente B.V.,Bedrijvenpark Twente 295,7602 AKALMELO,http://www.ovako.com
Overveld Coating B.V.,Edisonweg 3,4631 SNHOOGERHEIDE,http://www.overveld.com
Oxyplast Belgium N.V.,Hulsdonk 35,B-9042GENT-MENDONK,http://www.protechpowder.com/DU//protech.html
Paint It!,Da Vincilaan 25,6716 WCEDE,http://www.paintit.nl
Paul Warmerdam Straal- en Coating Service,Oude Weerlaan 35 A,2181 HXHILLEGOM,http://www.straalencoatingservice.nl
PCO Tech B.V.,Hengelosestraat 581-583,7521 AGENSCHEDE,http://www.pcotech.com
Perfect Coat B.V.,Slootsekuilen 26 - 28,5986 PGBERINGE,http://www.perfectcoat.nl
Pluscoat B.V.,Rangeerstraat 2,4431 NL'S-GRAVENPOLDER,http://www.pluscoating.nl
Poeder Coat Westland B.V.,De Hondert Margen 2 A,2678 ACDE LIER,http://www.poedercoatwestland.nl
Poedercoat Beverwijk,Flevoland 22,1948 RHBEVERWIJK,http://www.poedercoatbeverwijk.nl
Poedercoating Apeldoorn B.V.,Wilmersdorf 17,7327 ADAPELDOORN,http://www.p-c-a.nl
Poedercoating Bolsward B.V.,De Marne 29 D,8701 PVBOLSWARD,http://www.poedercoatingbolsward.nl
Poedercoatservice Meppel B.V.,Industrieweg 4,7944 HSMEPPEL,http://www.poedercoatservice.nl
Polindus B.V.,Nijverheidsstraat 36,3371 XEHARDINXVELD-GIESSENDAM,http://www.polindus.nl
Possehl Electronics Nederland B.V.,De Beverspijken 3,5221 EE'S-HERTOGENBOSCH,http://www.possehlelectronics.com
Powercoat V.O.F.,Wendakker 5,7761 PXSCHOONEBEEK,http://www.powercoat.nl
Prisma Coatings Zoetermeer B.V.,Koperstraat 27,2718 RGZOETERMEER,http://www.prismacoatings.nl
Quality Coating Twente B.V.,Bedrijfsweg 22,7671 EGVRIEZENVEEN,-
Railtechniek van Herwijnen B.V.,Koelenhofstraat 13,4004 JRTIEL,http://www.railtechniek.nl
Revamo B.V.,Pieter Mastebroekweg 2 A,7942 JZMEPPEL,http://www.revamo.nl
Riano Eindhoven B.V.,Rooijakkerstraat 5,5652 BAEINDHOVEN,http://www.riano.nl
Rogal B.V.,Handelskade West 5,7547 AWENSCHEDE,http://www.rogal.nl
Rosler Benelux B.V.,Reggestraat 18,5347 JGOSS,http://www.rosler.com
Rotocoat Heerhugowaard B.V.,Edisonstraat 2,1704 RLHEERHUGOWAARD,http://www.rotocoat.nl
Rotocoat Wolvega B.V.,Ambachtsstraat 3,8471 AAWOLVEGA,http://www.rotocoat.nl
Rotterdam Coatings B.V.,Waalhaven N.Z. 59,3087 BJROTTERDAM,http://www.rotterdam-coatings.com
Royal van Lent Shipyard B.V.,Julianalaan 3,2159 LAKAAG,http://www.feadship.nl
Rycobel N.V.,Nijverheidslaan 47,B-8540DEERLIJK,http://www.rycobel.nl
Saval B.V.,Huifakkerstraat 22,4815 PNBREDA,http://www.saval.nl
Schildersbedrijf Midden Nederland B.V.,Sportlaan 261,3364 DKSLIEDRECHT,http://www.smnbv.nl
Schöne Edelmetaal B.V.,Meeuwenlaan 88,1021 JKAMSTERDAM,http://www.schone.nl
Schrauwen Corrosietechniek,Groene Kruisweg 6 A,3281 KBNUMANSDORP,http://www.schrauwencorrosietechniek.nl
Schumacher Plating Uden,Vliegeniersstraat 14,5405 BHUDEN,http://www.schumacher-plating.nl
SHERART B.V.,Zuiddijk 27,5705 CSHELMOND,http://www.sherart.nl
Shipcoat B.V.,Industrieweg 17,2995 BEHEERJANSDAM,http://www.shipcoat.nl
Sir John B.V.,Zuidbaan 511,2841 MDMOORDRECHT,http://www.sir-john.nl
Smolders SSO B.V.,Nieuwstraat 64 A,4921 CXMADE,http://www.smolderssso.nl
Span Finishing B.V.,Matjeskolk 13,7037 DZBEEK,http://www.spanbv.nl
SPG Prints B.V.,Raamstraat 1 - 3,5831 ATBOXMEER,http://www.spgprints.com
Sponge-Jet Benelux,Stanleyweg 12,4462 GNGOES,http://www.spongeblasting.com
Steur Truck Coating B.V.,Nijverheidsweg 7,4731 CZOUDENBOSCH,http://www.steur.com
Straal en Coating Bakhuizen B.V.,De Burde 17,8574 TGBAKHUIZEN,http://www.straalencoatingsbedrijf.nl
Straal en Spuitbedrijf Gebr. van Ginkel B.V.,Tielsestraat 9 D,6675 AAVALBURG,http://www.vanginkelgroep.nl
Straal- en Conserveringsbedrijf Meulendijks Helmond B.V.,Ringdijk 4,5705 CTHELMOND,http://www.stralenpoedercoaten.nl
Straalbedrijf Asten B.V.,Moleneind 6,5721 WPASTEN,http://www.straalbedrijfasten.nl
Straalbedrijf Boxtel B.V.,Van Salmstraat 50,5281 RSBOXTEL,http://www.straalbedrijfboxtel.nl
Straalbedrijf Catseman B.V.,Buys Ballotstraat 20,4507 DASCHOONDIJKE,http://www.straalbedrijfcatseman.nl
Straalbedrijf Giessen B.V.,Eisterweg 7,6422 PNHEERLEN,http://www.giessen-bv.nl
Straalbedrijf Holland-West B.V.,Zeppelinstraat 8,1704 SHHEERHUGOWAARD,http://www.shwbv.nl
Straalbedrijf Van der Griend B.V.,3e Industrieweg 2,3411 MDLOPIK,http://www.griend.nl
Straalservice Enschede B.V.,Binnenhaven 133,7547 BGENSCHEDE,http://www.straalserviceenschede.nl
Straaltechniek International B.V.,Innovatiepark 24,4906 AAOOSTERHOUT,http://www.straaltechniek.net
Strabeko B.V.,Albionstraat 22 - 24,5047 SJTILBURG,http://www.strabeko.nl
Stralen Nederland,J.A. Koningsstraat 4,9672 ADWINSCHOTEN,http://www.stralennederland.nl
Suez Water N.V.,Willem Barentszweg 4,5928 LMVENLO,http://www.ondeo.nl
Surface Treatment Nederland B.V.,Hazenspoor 16,6051 AVMAASBRACHT,http://www.surfacetreatment.nl
SurTec Benelux B.V.,Molenweg 17 A,5953 JRREUVER,http://www.surtecbenelux.com
Sybrandy B.V.,Spaceshuttle 18,3824 MLAMERSFOORT,http://www.sybrandy.nl
Tata Steel IJmuiden B.V.,Wenkebachstraat 1,1951 JZVELSEN-NOORD,http://www.tatasteel.nl
Technische Handelmaatschappij Rasco B.V.,Koolhovenstraat 11,3125 BTSCHIEDAM,http://www.rasco-clemco.nl
Technoflon Coating Systems B.V.,Edisonstraat 85,7006 RBDOETINCHEM,http://www.technoflon.nl
Technoplating Nijkerk B.V.,Gildenstraat 10,3861 RGNIJKERK,http://www.technoplatingnijkerk.nl
Technospray B.V.,Plaza 23,4782 SLMOERDIJK,http://www.technospray.nl
The Coatinc Company Holding B.V.,Edisonweg 5,2952 ADALBLASSERDAM,http://www.coatinc.com
The Stainless Solutions Group,Industrieweg 31,4283 GXGIESSEN,http://www.thestainlesssolutionsgroup.com
Thielco Staalindustrie B.V.,Dr. Poelsstraat 2,5953 NPREUVER,http://www.thielco.nl
Thomas Regout International B.V.,Industrieweg 40,6219 NRMAASTRICHT,http://www.thomasregout.com
Tiger Coatings Belgium B.V.B.A.,Leuerbroek 1019,B-3640KINROOI,http://www.tiger-coatings.com
Tilcoating B.V.,Andromedastraat 9,5015 AVTILBURG,http://www.tilcoating.nl
Topclad B.V.,Bolderweg 50,8243 RDLELYSTAD,http://www.topclad.com
TQC Sheen B.V.,Molenbaan 19,2908 LLCAPELLE A/D IJSSEL,http://www.tqc.eu
TÜV Rheinland Nederland B.V.,Westervoortsedijk 73,6827 AVARNHEM,http://www.tuv.com/nl
Ulamo Coating B.V.,Riezenweg 1,7071 PRULFT,http://www.ulamo.nl
Unisign B.V.,Industrieterrein Panningen 36,5981 NKPANNINGEN,http://www.unisign.nl
Van Beurden Hardchroom B.V.,Bossekamp 5,5301 LZZALTBOMMEL,http://www.van-beurden.nl
Van Beurden Pre-Pack B.V.,Industrieweg 1,5165 NHWASPIK,http://www.vanbeurdenprepack.nl
Van der Meer Oppervlakte Techniek B.V.,Nieuw-Zeelandweg 14,1045 ALAMSTERDAM,http://www.meercoat.nl
Van Ommen Coating B.V.,Uraniumweg 50,3812 RKAMERSFOORT,http://www.vanommencoating.com
VConsyst Metaalwerken B.V.,De Klok 3,8401 CMGORREDIJK,http://www.vconsyst.nl
VDL Laktechniek B.V.,Meerenakkerweg 20,5652 AVEINDHOVEN,http://www.vdlgroep.nl
VDL Postma B.V.,Leeuwarderstraatweg 121 D,8441 PKHEERENVEEN,http://www.vdlpostma.nl
Veco B.V.,Karel van Gelreweg 22,6961 LBEERBEEK,http://www.vecoprecision.com
Vecom Metal Treatment B.V.,Mozartlaan 3,3144 NAMAASSLUIS,http://www.vecom-group.com
Vereniging ION,Einsteinbaan 1,3439 NJNieuwegein,http://www.vereniging-ion.nl
Verzinkerij Schippers B.V.,Reitsmastrjitte 6 A,9281 LEHARKEMA,http://www.schippersbv.nl
Verzinkerij Twente B.V.,Edisonstraat 7,7601 PSALMELO,http://www.verzinkerij-twente.nl
Verzinkerij van Aert B.V.,Winnerstraat 17,6031 NKNEDERWEERT,http://www.vanaert.nl
VMG Versteeg Metaal Groep B.V.,Industrieweg 2,5256 PNHEESBEEN,http://www.versteegmetaal.nl
Voortman Kantoormeubelen B.V.,Edisonweg 3,1446 TMPURMEREND,http://www.voortmanmeubel.nl
Waaijenberg Coatings B.V.,De Landweer 11,3771 LNBARNEVELD,http://www.waayenbergcoatings.nl
Wagner Systemen Nederland B.V.,Proostwetering 105 C,3543 ACUTRECHT,http://www.wagnersystemen.nl
Wegter Applicatie & Beschermtechniek B.V.,Distelweg 93,1031 HDAMSTERDAM,http://www.poedercoatennatlakken.nl
Weiss Technik Nederland B.V.,Newtonstraat 5,4004 KDTIEL,http://www.weisstechnik.nl
Wilmink Poedercoating B.V.,Leenderweg 184,5555 CJVALKENSWAARD,http://www.wilmink-bv.nl
WSB Finishing Equipment B.V.,De Heldinnenlaan 200,3543 MBUTRECHT,http://www.wsb-benelux.eu
Zincoat B.V.,Boerdijk 32,7844 TCVEENOORD,http://www.zincoat.nl
