3Bouw B.V.,2291 PG
A & S Bouw B.V.,2332 EE
A. Bunnik B.V.,2415 BV
A. den Haan Contractors,3233 LN
A. Stam & Zonen B.V.,2544 EL
A.A. Snijders en Zn. VOF,2681 RW
Aad Nobel Bouw B.V.,2811 PS
Aann.bedr. A.C. de Groot bv,4231 DR
Aann.bedr. Van de Welle en van Drongelen B.V.,3257 LB
Aann.bedrijf Klapwijk Krimpen B.V.,2931 SC
Aann.bedrijf N. van Duin & Zn. B.V.,2201 CW
Aann.mij. Hofman-Maasdijk B.V.,2676 NB
Aannemers- en Wegenbouwbedrijf Versluys & Zoon B.V.,2411 CB
Aannemers- en Wegenbouwbedrijf Versluys en Zoon B.V.,2411 CB
Aannemersbedrijf A.G.J.C. van Breda B.V.,2172 HW
Aannemersbedrijf Bijster VOF,2181 MH
Aannemersbedrijf C.J. de Boer B.V.,2382 NK
Aannemersbedrijf De Bruijne B.V.,3223 BZ
Aannemersbedrijf De Hek B.V.,3381 KC
Aannemersbedrijf De Kramer,3465 KE
Aannemersbedrijf De Zeeuw B.V.,2964 LA
Aannemersbedrijf Den Dubbelden B.V.,2201 TX
Aannemersbedrijf Eijgermans Van Graafeijland B.V.,2291 BZ
Aannemersbedrijf F. Bijl & Zonen B.V.,3125 BD
Aannemersbedrijf F. Willemse B.V.,3113 AA
Aannemersbedrijf Fa. Van Wijngaarden,3356 AB
Aannemersbedrijf G. Aartman en Zn.,2451 VW
Aannemersbedrijf G.B. van Hoek B.V.,2624 AV
Aannemersbedrijf Gebr. Kooijman bv,2352 CZ
Aannemersbedrijf Gebroeders Blokland B.V.,3371 NZ
Aannemersbedrijf Granneman vd Akker Bouw B.V.,2266 HE
Aannemersbedrijf Groenewegen B.V.,2661 CZ
Aannemersbedrijf Groenewegen B.V.,3155 AK
Aannemersbedrijf Het Tanthof B.V.,2623 EW
Aannemersbedrijf J. Bijleveld B.V.,2396 XJ
Aannemersbedrijf J. de Jager,3291 GA
Aannemersbedrijf J. Hardam V.O.F.,2953 CL
Aannemersbedrijf J. van Daalen B.V.,4206 CL
Aannemersbedrijf J.C. van Osnabrugge B.V.,2251 AG
Aannemersbedrijf J.Th. Schröder B.V.,2241 TZ
Aannemersbedrijf Kees van Yperen B.V.,2651 LT
Aannemersbedrijf Koole v.o.f.,2678 AC
Aannemersbedrijf L.D. van Dijk B.V.,3231 CK
Aannemersbedrijf Lagerberg B.V.,2321 GM
Aannemersbedrijf Lindeloof bv,3225 LD
Aannemersbedrijf Marcel Snijders,2636 EE
Aannemersbedrijf Musters B.V.,3083 HB
Aannemersbedrijf Naboma,2661 LC
Aannemersbedrijf Ouwerkerk,2651 AV
Aannemersbedrijf P. Heemskerk BV,2811 PT
Aannemersbedrijf P. van Leeuwen B.V.,4231 DJ
Aannemersbedrijf P.J. van der Stok B.V.,2678 LA
Aannemersbedrijf Peter Dijkxhoorn,2275 XV
Aannemersbedrijf Schotte B.V.,2641 NN
Aannemersbedrijf Sirre B.V.,2382 VE
Aannemersbedrijf Van Berkel Waddinxveen B.V.,2741 TN
Aannemersbedrijf Van den Ende,2636 CP
Aannemersbedrijf Van der Dussen B.V.,2841 MA
Aannemersbedrijf Van Egmond B.V.,2495 AS
Aannemersbedrijf Van Rijn,2685 LV
Aannemersbedrijf Warmerdam B.V.,3181 HP
Aannemersbedrijf Wielhouwer B.V.,3241 EJ
Aannemings- & Bouwbedrijf van Koppen,3253 BW
Aannemingsbedrijf  Van der Graaf Barendrecht BV,2994 LG
Aannemingsbedrijf A. van der Lugt B.V.,3133 EC
Aannemingsbedrijf A. Warnaar B.V.,3144 CL
Aannemingsbedrijf Alexandria B.V.,2517 GK
Aannemingsbedrijf Arie en Bas Hofman B.V,3137 TB
Aannemingsbedrijf Barnhoorn & Van Duijn,2225 NX
Aannemingsbedrijf C. Hoogvliet en Zonen B.V.,3335 LH
Aannemingsbedrijf C.D. Tuinenburg en Zoon B.V.,3077 BD
Aannemingsbedrijf C.J. Wolters B.V.,3055 CB
Aannemingsbedrijf Chrimako B.V.,2641 KV
Aannemingsbedrijf Duyvestijn,2491 DB
Aannemingsbedrijf E.J. Brand BV,3329 LC
Aannemingsbedrijf Fa. Gebrs. Egberts,2441 LD
Aannemingsbedrijf G. Bruijnes B.V.,2401 LH
Aannemingsbedrijf G. Deelen,4225 SJ
Aannemingsbedrijf G.J. Kriek B.V.,2254 AG
Aannemingsbedrijf Gebr. de Koning bv,3356 LL
Aannemingsbedrijf Gebr. Schouls B.V.,2321 JZ
Aannemingsbedrijf Granneman B.V.,2266 HE
Aannemingsbedrijf Gräper B.V.,2731 AM
Aannemingsbedrijf Houtman B.V.,2809 PH
