,
,
Altisol BV,2675 BX
Altrad Hertel Industrial Services,3197 KR
Bilfinger Industrial Services Nederland B.V.,3087 BM
Brand Energy Services B.V.,3133 KJ
Demar Isolatietechniek,3059 MK
Grafisol BV,2404 HN
Hervo Isolatietechniek BV,3433 PV
Iso Core,3281 NJ
JP Isolatie BV,2676 BS
KAEFER Nederland B.V.,3316 GZ
Kranendonk Isolatiebedrijf BV C,3076 JX
Lethe Nieuwburg BV,2984 AM
Linden & Veldhuis Isolatie BV van der,3133 KG
Merwede BV  Isolatiebedrijf,4214 KZ
Misset Techniek BV isolatie,2401 LK
Opmeer Isolatie Rotterdam BV J,3077 GK
R&M; / RASA Isolatiebedrijf BV,2221 PK
Schür BV,4641 VZ
Staveren Isolatie B.V.,3194 DA
Thermatras BV,2994 LB
Waas BV Isolatiebedrijf CJ van,2991 ZC
Wiko Isolatietechniek en Steigerbouw,3047 BC
Zirkzee BV,2318 BX
