112 Motion,John M. Keynesplein 12,"1066 EP, Amsterdam",http://112motion.com/
No Soap Company BV,Stationsweg 2,"1251KC, Laren",http://www.nosoapcompany.com/
Amref Flying Doctors,Haagse Schouwweg 6,"2332 KG, LEIDEN",http://www.amref.nl
Amsterdam Trade,Jodenbreestraat 25,"1011 NH, Amsterdam",www.iamsterdam.com/amsterdamtrade
Association Innovative Medicines,Prinses Beatrixlaan 548-550,"2595 BM, Den Haag",https://www.vereniginginnovatievegeneesmiddelen.nl/cms/showpage.aspx?id=31126
AT Osborne,J.F. Kennedylaan 100,"3741 EH, Baarn",http://www.atosborne.eu/
Autopharma,Anne Wadmanwei 11,"8914 BD, Leeuwarden",http://www.autopharma.nl/en/
Wittenburg,Productieweg 12,"3899 AK, ZEEWOLDE",http://wittenburgbv.nl/nl/
Back Quality Ergonomics,IJzerwerf 46,"2544 ES, Den Haag",http://www.bqergonomics.eu/en/
Ballast Nedam,Ringwade 71,"3439 LM, NIEUWEGEIN",http://www.ballast-nedam.nl/page_2598.asp
Bambi Medical,High Tech Campus 12,"5656AE, Eindhoven",http://www.bambi-medical.com/
Bayards Heliport Solutions,Veerweg 2,"2957 CP, NIEUW-LEKKERLAND",http://www.bayards.nl
Berenschot,Europalaan 40,"3526 KS, UTRECHT",http://www.berenschot.nl
berkvens,Kanaaldijk Noord 24,"5710 AA, Someren",http://www.berkvens.eu/en/
Bioness,Stationsweg 41,"3331 LR, Zwijndrecht",http://www.bioness.com/Healthcare_Professionals.php
Brainport Development,Emmasingel 11,"5611 AZ, Eindhoven",http://www.brainportdevelopment.nl/
Brightlands Maastricht Health Campus,Duboisdomein 5,"6229 GT, MAASTRICHT",http://maastrichthealthcampus.nl
BMA Healthcare IT Solutions,De Molen 1,"3994 DA, HOUTEN",http://www.bma-mosos.nl
Buurtzorg Nederland,Pastoor Ossestraat 61,"7609 RX, Almelo",http://www.buurtzorgnederland.com/
BVK Group,Oranjesingel 2,"4811 CM, Breda",https://bkv-group.com/en
Careforce,EMMASTRAAT 63,"6882 MK, Velp",https://care-force.com/en/
Clinical Science Systems,Rijnsburgerweg 10,"2333 AA, Leiden",https://clinicalscience.systems/cms/
Cordaid,Lutherse Burgwal 10,"2512 CB, 'S-GRAVENHAGE",http://www.cordaid.nl
CuraMedical BV,Industrieweg 6,"1566 JP, ASSENDELFT",http://www.curamedical.com
de Praktijk Index,Rembrandtlaan 31,"3723 BG, Bilthoven",https://www.depraktijkindex.nl/#/
Delft Imaging Systems B.V.,Wiltonstraat 41,"3905 KW, VEENENDAAL",http://www.delftimagingsystems.com
DiagnOptics Technologies B.V.,Aarhusweg 4,"9723 JJ, GRONINGEN",http://www.diagnoptics.com
Dialogue Trainer,Padualaan 8,"3584 CH, Utrecht",https://www.dialoguetrainer.com/
DICA,Rijnsburgerweg 10,"2333 AA, Leiden",https://www.dica.nl/
Dörr Kampen BV,Haatlanderdijk 25,"8263 AN, Kampen",http://www.dorrkampen.nl/
Dräger Nederland B.V.,Huygensstraat 3,"2721 LT, ZOETERMEER",http://www.draeger.com
Dutch Health Architects,Wilhelminakade 310,"3072 AR, ROTTERDAM",http://www.dutchhealtharchitects.nl
DVBHC,,Nederland,http://dutchvbhccreators.com/
EGM Architecten,Wilgenbos 20,"3311 JX, Dordrecht",https://www.egm.nl/en
Elsevier BV,,,-
Emergo Group,Prinsessegracht 20,"2514 AP, 'S-GRAVENHAGE",http://www.emergogroup.com/nl
ENE,Spoarleane 12,"8723 EV, Koudum",http://ene.world/
Enraf-Nonius B.V.,Vareseweg 127,"3047 AT, ROTTERDAM",http://www.enraf-nonius.com
Erasmus MC,Dr. Molewaterplein 40,"3015 GD, ROTTERDAM",-
ESHPM,Bayle (J) building - Campus Woudestein Burgemeester Oudlaan 50,"3062 PA, Rotterdam",https://www.eur.nl/en/eshpm/
Eurotape,Oostergracht 2,"3763 LZ, Soest",http://www.eurotape.com/en/
Fitvitaal Service,Graftermeerstraat 35C,"2131 AA, Hoofddorp",http://fitvitaalservice.nl/nl/p/home/
FlexMix,Symfonielaan 26,"3438 EV, NIEUWEGEIN",http://www.flexmix.nl
FME – Powered by Dutch Technology,Zilverstraat 69,"2718 RP, Zoetermeer",http://www.fme.nl
Forbo Flooring,Industrieweg 12,"1566 JP, Assendelft",http://www.forbo.com/flooring/nl-nl/
Frenetti,Barbara Strozzilaan 201,"1083 HN, Amsterdam",https://www.frenetti.com/
FWG Progressional People,,Nederland,https://www.fwg.nl/progressional-people/
GoClinic,Transistorweg 7b,"6534 AT, Nijmegen",https://goclinic.io/#home
Handicare Bathroom Safety B.V.,Weteringweg 5,"2641 KM, Pijnacker",https://www.handicare.com/site-selection/
Royal Haskoning DHV Nederland,Jonkerbosplein 52,"6534 AB, NIJMEGEN",http://www.royalhaskoningdhv.com
Health Valley,Transistorweg 5R,"6534 AT, Nijmegen",http://www.healthvalleynetherlands.com
Health~Holland,Laan v. NOI 334,"2593 CE, The Hague",http://www.health-holland.com/portal
HandShoeMouse,Stationsstraat 1-K,"2371 SH, Roelofarendsveen",http://www.handshoemouse.com
Hospitainer,Vlijtseweg 95,"7317 AE, APELDOORN",http://www.hospitainer.com
IDCP,Energiestraat 23A,"1411 AR, Naarden",https://idcp.nl/index.php
IMS Medical,Industrieweg 1 F,"1613 KT, Grootebroek",https://imsmedical.nl/
Incision Academy,Mauritskade 63 (room BD-1),"1092 AD, Amsterdam",https://www.incisionacademy.com/
Indes,Pantheon 28,"7521 PR, Enschede",http://www.indes.eu/
Innovation Quarter,", Den Haag",Nederland,https://www.innovationquarter.nl/en/
Invest Utrecht | Foreign Investment Agency,Archimedeslaan 6,"3584 BA, Utrecht",https://www.investutrecht.com/en/home
IPC (International Patient Centre),Evert van Beek straat 104,"1118 CN, Amsterdam",https://www.ipc.nl/
Karsten Cleanroom Systems,Oudlandsedijk 6,"4731 TB, Oudenbosch",http://www.kcscleanroom.com/
KNVCB,Benoordenhoutseweg 46,"2596 BC, Den Haag",https://www.kncvtbc.org/en/
Royal Tropical Institute (KIT),Mauritskade 63,"1092 AD, AMSTERDAM",http://www.kit.nl
Lamboo Mobile Medical,Koperstraat 44,"2718 RE, ZOETERMEER",http://www.mobile-medical.eu
Lead2Fix,Meindert vd Thijnensingel 12,"7741 GB, Coevorden",http://lead2fix.nl/?lang=en%2F
LeQuest,Delftweg 69-A,"2289 BA, Rijswijk",https://www.lequest.nl/en/
Linet Group SE,Amstelwijckweg 2,"3316 BB, DORDRECHT",http://www.linet.com
Livv Mobile Health,Dokter Stolteweg 72,"8025 AZ, Zwolle",http://www.livv-health.nl/english
Logitecq Medical Services,Kaya Industria 13,"SINT EUSTATIUS AND SABA, SINT EUSTATIUS AND SABA",http://www.logitecqmedical.com/
DEMCON | macawi respiratory systems,Science Park Eindhoven 5709,"5692 EP, Son",http://www.macawi.com/
Maxxcare,Bruynvisweg 5,"1531 AX, Wormer",https://maxxcare.com/
Medify,Raamplein 1,"1016 XK, Amsterdam",https://www.medify.eu/
MedtechPartners,Science Park 402,"1098 XH, Amsterdam",http://www.medtechpartners.nl/
Meduprof-S,Oudenhof 16,"4191 NW, Geldermalsen",https://www.meduprof-s.com/
Mensken,Daalakkersweg 2-70,"5641 JA, Eindhoven",https://www.mensken.com/en/
Metaflex Doors Europe,Ambachtsstraat 11,"7122 MP, AALTEN",http://www.metaflex.nl/
MicroVision Medical,Tafelberg 51,"1105BD, Amsterdam",http://www.microvisionmedical.com/
Minddistrict,Jan Evertsenstraat 749,"1061 XZ, AMSTERDAM",http://www.minddistrict.com/nl/
Ministry of Foreign Affairs,Bezuidenhoutseweg 67,"2594 AC, 'S-GRAVENHAGE",http://www.minbuza.nl
"Ministry of Health, Welfare and Sport",Parnassusplein 5,"2511 VX, 'S-GRAVENHAGE",http://www.rijksoverheid.nl/ministeries/vws
Ministry of Economic Affairs & Climate Policy,", Den Haag",Nederland,https://www.government.nl/ministries/ministry-of-economic-affairs-and-climate-policy
Motek,Hogehilweg 18-C,"1101 CD, AMSTERDAM",http://www.motekforcelink.com
NAMCO,"1008 AB, Amsterdam",Nederland,http://www.namco.nl/
Nederlandse Vereniging van Ziekenhuizen,Oudlaan 4,"3515 GA, UTRECHT",http://www.nvz-ziekenhuizen.nl
NewCompliance Group,Cobaltstraat 6,"2718 RM, Zoetermeer",https://www.newcompliance.com/
Nictiz,Oude Middenweg 55,"2491 AC, Den Haag",https://www.nictiz.nl/Paginas/English.aspx
Noordhoff Health,Papendorpseweg 97,"3528 BJ, Utrecht",http://www.noordhoff-health.nl
Nutricia Advanced Medical Nutrition,Schiphol Boulevard 105,"1118 BG, Amsterdam",http://www.nutricia.com/home/
Oost NL,Laan van Malkenschoten 40,"7333 NP, Apeldoorn",http://www.oostnv.com/
PharmAccess,Pietersbergweg 17,"1105 BM, AMSTERDAM ZUIDOOST",http://www.pharmaccess.org
Philips,Boschdijk 525,"5621 JG, EINDHOVEN",http://www.philips.com
Portavita,Oostenburgervoorstraat 100,"1018 MR, AMSTERDAM",http://www.portavita.com
QoQo Franchise Management B.V.,", Rotterdam",Nederland,http://www.qoqomassage.com/
Reparts,Zonnebloemveld 6A,"6641 TA, Beuningen",https://reparts.eu/
Resonandina,Groot Hertoginnelaan 3,"2517 EA, Den Haag",http://www.resonandina.com/home/
RMI Pharma Logistics,Boothstraat 5,"3512 BT, UTRECHT",http://www.rmi-pharmalogistics.com
Rotterdam Partners,Korte Hoogstraat 31,"3011 GK, Rotterdam",https://rotterdampartners.nl/
Sakura Finetek Europe,Flemingweg 10,"2408 AV, Alphen aan den Rijn",http://www.sakura.eu
Score NL,Feithspark 5,"9356 BX, Tolbert",http://www.scorenl.com
Sekhmet,Jericholaan 60,"3061 HH, ROTTERDAM",-
Simavi,Fonteinlaan 5,"2012 JG, HAARLEM",http://www.simavi.nl
Smit Mobile Equipment B.V.,Buys Ballotstraat 6,"3261 LA, Oud-Beijerland",http://smit.one/index.html
Spectator Video Technology,Nieuwstraat 2,"4921 CX, Made",http://www.spectator-video.com/
Swymed Europe,Kapteynstraat 1,"2201 BB, Noordwijk",www.swymed.com
Synergie Nederland BV,Sterrekroos 6,"4941 VZ, Raamsdonksveer",http://www.synergie-nederland.com/
Telecom Pneumatic Tube Systems,Gildenweg 14,"3334 KC, ZWIJNDRECHT",http://www.telecom.nl
Teleconsult Europe,Parkstraat 83,"2514 JG, 'S-GRAVENHAGE",http://www.teleconsulteurope.com
Teresa Happy Care,Emmalaan 28,"1087 SJ, Utrecht",http://www.teresahappycare.cn/en/
Medical Export Group,Papland 16,"4206 CL, GORINCHEM",http://www.meg.nl
TNO,Utrechtseweg 48,"3704 HE, ZEIST",http://www.tno.nl
TOPIC Embedded Systems,Eindhovenseweg 32,"5683 KH, BEST",http://www.topic.nl
Trinco Healthcare BV,Barbara Strozzilaan 201,"1083 HN, Amsterdam",http://trincohealthcare.com/
TU Delft,Stevinweg 1,"2628 CN, DELFT",http://www.tudelft.nl/en/
Maastricht UMC+,P. Debyelaan 25,"6229 HX, Maastricht",http://www.mumc.nl/
UMC Groningen,Hanzeplein 1,"9713 GZ, GRONINGEN",http://www.umcg.nl
Urifoon,Mennonietenbuurt 29,"1427 AX, Amstelhoek",https://www.urifoon.com/
Usono,High Tech Campus 12,"5656 AE, Eindhoven",http://usono.com/
Value2Health,Leeuwenbrug 115,"7411 TH, Deventer",https://value2health.com/en/
VANAD Enovation,Rivium Westlaan 1,"2909 LD, Capelle aan den IJssel",http://www.vanadenovation.nl/
VARI-STEPP,Philipsenstraat 1,"5371 CN, RAVENSTEIN",http://www.vari-stepp.com
VvAA,Orteliuslaan 750,"3528 BB, Utrecht",www.vvaa.nl
Xendo,Schipholweg 73 – 75,"2300 AG, Leiden",https://www.xendo.com/
Young Medical,De Fliert 5,"3791 PV, Achterveld",https://www.young-medical.com/
Youth Interventions Foundations,Endegeesterstraatweg 27,"2342 AK, Oegstgeest",https://www.stichtingjeugdinterventies.nl/?lang=en
ZiuZ Medical,Stationsweg 3,"8400 AC, Gorredijk",http://medical.ziuz.com/en
ZIVVER,Overschiestraat 186 -J/5e,"1062 XK, Amsterdam",www.zivver.com
ZonMw,Laan van Nieuw Oost-Indië 334,"2593 CE, Den Haag",https://www.zonmw.nl/en/
Zuyd University,Nieuw Eyckholt 300,"6419 DJ, Heerlen",www.zuyd.nl
