Mymetics,2333 CH
Culgi,2333 BD
Labolutions,1794 FB
Labolutions,1794FB
Ncardia,2018 DE
VitroScan,2333 CH
ActiveView,2952 BD
Rabobank,3521 CB
MYLIFE TECHNOLOGIES,2333 CG
Synvolux,2333 CH
BioSparq,2333 BD
Grünenthal,0546 FD
Grünenthal,0546FD
BIOMARIN,2333 CH
Buchem BV,7327 AW
Isa Therapeutics,2333 CH
IMIHGOM,2333 CG
Rabobank,3521 CB
Toxys,2333 CG
OcellO 3D Screening,2333 CH
Toxys,2333 CG
Leiden Bio Science Park,2333 CH
BIOMARIN,7558 IR
Echo Pharmaceuticals,2333 CG
Isa Therapeutics,2333 CH
Idris Oncology,2333 CG
Idris Oncology,2333CG
