2ME Special Engineering B.V.,1671 NC
A-Industries BV,2661 GX
A. van Tilburg Hydrauliek BV,4706 RA
A.Hak Industrial Services BV,4196 HG
A+ Rigging Nederland B.V.,1671 GW
Aage Hempel Netherlands BV,3161 GJ
Aage Hempel Netherlands BV,3161 GJ
Aan 't Wiede Haven/camping/verhuur,7946 LV
Aankoop-en Expertisebureau Duursma & Versluijs,2341 SG
Aankoop-Expertisebureau Duursma & Versluijs,1412 GL
ABB BV,3000 AH
ABB BV,3000 AH
ABEKO Shipping B.V.,1948 PN
ABIS Shipping Company B.V.,8861 NX
ABN AMRO Bank,3012 AE
Abuco BV,1775 BA
ACICO Yachts B.V.,1601 EZ
Aciric C.V.,9934 PV
Aconcagua Bay Shipping Company B.V.,9728 JS
Acta Marine,1781 AE
Action-Hydro BV,1322 AD
Action-Hydro BV,1322 AD
Actrion Wage Services B.V.,3112 NC
Ad Spek Jachtbouw,2266 BM
Adel Polyester B.V.,8281 BP
Admarel B.V.,2952 CA
Admarel BV,2952 CA
Admarel BV,2952 CA
Adonai Shipping B.V.,3021 DM
Adriaan Kooren B.V. Sleepdienst,3072 AR
AEC Maritime BV,5657 DR
AEC Maritime BV,5657 DR
Aee Marine B.V.,1619 PB
Aegir Divecenter,6171 EE
Aegir-Marine BV,3961 MV
Aegir-Marine BV,3961 MV
Aggreko Nederland BV,4791 PB
Aggreko Nederland BV,4791 PB
Aggreko Nederland BV,4791 PB
Ahoy Rotterdam NV,3008 AC
Ahoy Rotterdam NV,3008 AC
Airborne Oil & Gas,1976 EC
AKD Advocaten & Notarissen,3006 AH
AKD Advocaten & Notarissen,3006 AH
AKD Advocaten en Notarissen,3072 AP
AKD NV,3072 AP
Akerboom Yacht Equipment,2300 AG
Akerboom Yacht Equipment,2300 AG
Alana Evita Shipping,7881 KH
Alanba Holding B.V.,3243 LG
Alara-Lukagro Noise Control Solutions,2964 LL
"Alblasserdam BV, Werf",2957 CL
"Alblasserdam BV, Werf",2957 CL
ALE Heavylift BV,4825 BD
Alewijnse Holding BV,6500 AB
Alewijnse Holding BV,6500 AB
Alewijnse Marine Rotterdam BV,2921 LP
Alewijnse Marine Systems BV,6500 AA
Alewijnse Marine Systems BV,6500 AA
Alewijnse Marine Technology B.V.,6541 CX
Alfa Laval Aalborg BV,4801 LJ
Alfa Laval Aalborg BV,4801 LJ
Alfa Laval Aalborg Nijmegen BV,6503 GD
Alfa Laval Aalborg Nijmegen BV,6503 GD
Alfa Laval Benelux,4817 ZZ
Alfa Laval Benelux BV,4801 LJ
Alfa Laval Benelux BV,4801 LJ
Alida Shipping BV,1811 CP
Alizee Shipping B.V.,3335 LR
Allpacks International,8305 BG
Allround International Yachtservice C.V.,3738 WB
Allround Watersport Meerwijck,9606 PP
Allround Zeilmakerij,4301 RS
Allseas Engineering BV,2612 PA
Allseas Group SA,1618 CH
Allseas Maritime Personnel (AMP),1781 AD
Alphatron Marine BV,3001 AA
Alphatron Marine BV,3001 AA
Altena Yachting B.V.,4941 TA
Amadeus Gold B.V.,9934 AR
Amadeus Silver B.V.,9934 AR
Amarcon BV,7722 RN
Amari Metals BV,4131 MD
Amazon Shipping B.V.,1811 CP
"Ambacht BV, Scheepswerf & Machinefabriek, 't",3340 AA
"Ambacht BV, Scheepswerf & Machinefabriek, 't",3340 AA
Ambachtelijk Botenbouw Centrum,3812 PB
Amels BV,4380 AB
Amels BV,4380 AB
Amels BV,4381 NA
Amilco Benelux B.V.,4691 SE
Amko B.V.,4251 NK
Ammon Beheer B.V.,9934 PV
Ampelmann Operations BV,2629 HS
Amsterdam Industrial Design BV,4704 RK
Amsterdam Marina B.V.,1033 RA
AMW-Marine,3340 AA
AMW-Marine,3340 AA
Anchor Insurance Rotterdam,3000 BK
Anchor Insurance Rotterdam,3000 BK
AncoferWaldram Steelplates BV,4905 BS
Andijk Yachting,1619 JW
Anker Verzekeringen N.V.,9728 BM
Ankerbeer BV,9615 TG
Ankerbeer BV,9615 TG
Anne-Dorte Shipping B.V.,3335 LR
ANS Maritime B.V.,9727 CD
Anthony Veder Rederijzaken B.V.,3016 BE
Antilla Shipping Company B.V.,9728 JS
Aon Risk Solutions,3063 ED
Aqua-Tech De Turfvaart,4871 NC
Aquacentrum Bremerbergse Hoek B.V.,8256 RD
Aqualicious Yachtcharter,8064 PN
Aquality BV,3250 AB
Aquality BV,3250 AB
Aquamore,1231 PC
Aquanaut Yachting Holland B.V.,8607 AB
Aquatec Industries B.V.,8551 RK
Aquavitesse Zeilschool,4311 NC
Ar.Co.In Holding B.V.,2993 LE
Aras Shipbrokers B.V.,3016 CB
Arc Marine,8243 PK
ArcelorMittal Projects Oil & Gas BV,4794 SL
Arctic Seatrade,8309 CC
Argument-Geomatica,4147 GK
Argument-Geomatica,4147 GK
ariadne-marine B.V.,1077 CR
Arklow Shipping Nederland B.V.,3067 GH
Arntz van Helden BV,3008 AV
Arntz van Helden BV,3008 AV
Aruba Shipping Company B.V.,9728 JS
ASIAN Lift PTE Ltd.,9356 SI
Assai Software Services BV,4103 NC
Atlantic Dawn C.V.,8322 BN
Atlantica,3243 LG
Atlas Copco Compressors Nederland,3330 AE
Atlas Copco Compressors Nederland,3330 AE
Atlas Copco Nederland BV,3336 LG
Atlas Services Group,2909 LG
Atlas Services Group Energy BV,2131 HA
Atlas Services Group Rotterdam,2909 LG
Auerhaan B.V.,8211 AR
Autobedrijf Bal B.V.,4698 PS
Autonieuw Ship Cleaning,1081 JJ
Avanti Charter,1697 KC
AVR Watersport B.V.,2741 PJ
Axces Emission Technology BV,4691 SL
Axces Emission Technology BV,4691 SL
AYOP,1013 AA
B. van den Hoven Jachtbouw B.V.,5165 NT
B.V. Beheermaatschappij Lady Alexandra,9934 AR
B.V. Beheermaatschappij Lady Amalia,9934 AR
B.V. Beheermaatschappij Lady Anna,9934 AR
B.V. Beheermaatschappij Lady Anneke,9934 AR
B.V. Merweplein,4251 NK
B.V. Merwesingel,4251 NK
B.V. Merwestone,4251 NK
B.V. Scheepswerf Damen Gorinchem,4202 MS
B.V. Scheepvaartonderneming CFL Perfect,9712 AC
B.V. Scheepvaartonderneming CFL Promise,9712 AC
B.V. Scheepvaartonderneming CFL Prospect,9712 AC
B.V. Scheepvaartonderneming CFL Prudence,9712 AC
B&N Watersport,4251 LA
Bach Yachting,8243 PD
Bachmann Electronic Nederland,3905 PD
Bachmann Electronic Nederland,3905 PD
Baggermaatschappij Boskalis B.V.,3356 LK
Baker & Mckenzie Amsterdam N.V.,1082 MD
Baker Hughes,1785 AK
Bakker Sliedrecht Electro Industrie BV,3364 AE
Bakker Sliedrecht Electro Industrie BV,3360 AA
Bakker Sliedrecht Electro Industrie BV,3360 AA
Bakotrans Shipping,8532 BR
Balance Point Control BV,7825 VT
Ballast Nedam Infra,3439 LM
Balluff BV,5232 BC
Barco Marine Equipment B.V.,3281 NE
Barge Master BV,2909 VA
Barkaris B.V.,1231 LE
Barkmeijer Stroobos BV,9872 PT
Barkmeijer Stroobos BV,9872 PT
Bauhuis International BV,7471 GG
Bayards Aluminium Constructies BV,2957 CP
BBS Bulk VI KS,2993 LV
BBS BV,3044 ER
BBS BV,3044 ER
BBS Watersport,3898 LN
BDO Groningen,9728 BM
Bebeka U.A.,9711 BH
Beekmann Expertise,1398 PA
Beekmans RVS  B.V.,5231 XA
Beheermaatschappij Zeeschelp B.V.,4401 NR
Beldick Automation BV,6716 BA
BELFOR Technology,3316 GD
BELFOR Technology,3316 GD
Bell Licht BV,3280 AC
Bell Licht BV,3280 AC
Belser Conditioning,5331 PT
Benes Machinefabriek BV,9600 AD
Benes Machinefabriek BV,9600 AD
Betuweoord Eiland van Maurik,4021 GG
Beuving V.O.F.,9493 TA
Bierens Machinefabrieken BV,5004 JA
Bierens Machinefabrieken BV,5004 JA
Biesbosch C.V.,9930 GZ
BigLift Shipping BV,1042 AA
Bijlberg C.V.,4251 NM
Bijlsma Shipyard BV,8530 AB
Bijlsma Shipyard BV,8530 AB
Bird & Bird LLP,2596 AW
Bird & Bird LLP,2596 AW
Bloem Doze Nienhuis,3011 XB
Bloem Doze Nienhuis,3011 XB
Blonk Jachtexpertise,3845 GJ
Blue Offshore BV,2593 BN
Blue Peter Watersport,1911 MT
Bluebird Consultant,3065 AH
Blueco Benelux BV,1040 KE
Blueco Benelux BV,1040 KE
Blueprint Marine B.V.,3446 CH
Bluestream Offshore BV,1786 RA
Bluewater Energy Services BV,2132 HR
BMT ARGOSS BV,8316 PT
BN Jachtservice,4794 SN
Boat Equipment Watersport B.V.,6051 JB
Boat Faria,9263 TA
Boat Import Holland B.V.,3851 SR
Boat Inn BV,8531 AA
Boatcity,8531 HJ
Bodewes Shipyards Harlingen BV,8860 AB
Bodewes Shipyards Harlingen BV,8860 AB
Bodycote Hardiff BV,7333 PA
Boeg Nautic Scheveningen,2583 DX
Boeg Nautic Scheveningen,2583 DX
Boeg Nautic Scheveningen,2583 DX
Boerenjachthaven van der Geest,2361 HG
Boesch Nederland B.V.,2159 LD
Bohr Instrument Services BV,7844 TG
BOIS Equipment Rentals BV,1704 SE
Bola Maritiem B.V.,2681 LP
Bolidt Kunststoftoepassing B.V.,3341 LJ
Bolt Jachtwerf V.O.F.,9204 WX
Bomert Watersport / Boatingworld Giethoorn,8355 AG
Bonito Boats B.V.,5361 GB
Bonn & Mees Drijvende Bokken,3087 AE
Bonnema Watersport B.V.,1231 NK
Boonk Van Leeuwen Advocaten,3001 GE
Boonk Van Leeuwen Advocaten,3001 GE
Boot Akkrum,8491 PA
Boot Haeser Walraven Advocaten,3013 AK
Bootbemiddeling.nl,5331 PG
Bootcentrum Geertsma,9001 XX
Boottotaal.NL,5301 LW
Bore Ltd.,1043 GR
Bosch Rexroth BV,5281 RV
Bosch Rexroth BV,5280 AA
Bosch Rexroth BV,5280 AA
Boskalis Offshore BV,3356 LK
Boskalis Offshore Subsea Services (Europe) BV,3356 LK
Bosma Nautische Services,8621 DV
Bostik B.V.,5215 MH
Botenstalling Zeeland,4301 EZ
Botra Boerboom Watersport,5349 TG
Boumans Polyesterbedrijf,3433 PL
Bouwmeester Watersport BV (H),3373 AD
Bovendiep Jachthavenbedrijf,1095 KK
Bredenoord,7325 WT
"Breejen Shipyard, Den",3370 BA
"Breejen Shipyard, Den",3370 BA
Breiz Klipper Shipping Company B.V.,9728 JS
Breko Nieuwbouw BV,3350 AA
Breko Nieuwbouw BV,3350 AA
Breko Reparatie BV,3350 AA
Breko Reparatie BV,3350 AA
Breman Machinery BV,8281 BM
Breman Offshore B.V.,1976 DH
Breman Ship Engineering BV,8280 AB
Breman Ship Engineering BV,8280 AB
Brenntag Nederland BV,3316 BM
Breskens Yacht Service BV,4511 AX
Brevini Nederland BV,2400 AK
Brevini Nederland BV,2400 AK
Bro A B.V.,3011 XB
Broekman Project Services BV,3089 JH
Bronswerk Heat Transfer BV,3862 CG
Brooks Instrument BV,6718 WX
Brunel Energy,3045 AN
Brunel Engineering Oil & Gas,1066 EP
Brunsmann Jacht-& Scheepsexperts,8624 TT
Brunswick Netherlands B.V.,1066 BV
BSB Staalbouw BV,9262 ND
BSM Valves BV,4823 AH
Burdock Project Consultants,2289 DC
Bureau Veritas (Netherlands),3821 AB
Bureau Veritas Marine Nederland B.V.,3011 GW
Bureau Veritas Marine NL BV,3000 BA
Bureau Veritas Marine NL BV,3000 BA
Buren NV,2517 JR
C-Nautical BV,9611 TH
C-Nautical BV,9611 TH
"C. Buitendijk BV, Scheepsbouw-en Reparatiewerf",3341 LV
"C. Buitendijk BV, Scheepsbouw-en Reparatiewerf",3341 LV
C.B. van der Woude,1851 BG
C.C. Scheepvaartonderneming Sandettie,9934 CK
C.O.R. Filtration Netherlands BV,2153 GC
C.T. Drent Beheer B.V.,9934 RZ
C.V.  m.s. Amurborg,9934 CK
C.V. Elbeborg,9934 CK
C.V. Fluvius Tamar,9936 GZ
C.V. Fluvius Taw,9936 GZ
C.V. Koningsborg,9934 CK
C.V. m.s. Avonborg,9934 CK
C.V. m.s. Eeborg,9934 CK
C.V. m.s. Fuldaborg,9934 CK
C.V. m.s. Kirsten,9934 CR
C.V. m.s. Magda,9934 CR
C.V. m.s. Mathilde,9934 CR
C.V. m.s. Menna,9934 CR
C.V. m.s. Nassauborg,9934 CK
C.V. m.s. Olga,9934 AR
C.V. ms Eems Carrier,9936 GZ
C.V. ms Eems Coast,9936 GZ
C.V. ms Eems Delfia,9936 GZ
C.V. ms Eems Dollard,9936 GZ
C.V. ms Eems Sprinter,9936 GZ
C.V. ms Eems Transporter,9936 GZ
C.V. ms Eems Traveller,9936 GZ
C.V. Rederij B. J. Kok,1721 DV
C.V. Rimini,9936 GZ
C.V. Scheepvaartbedrijf Altena,9934 CK
C.V. Scheepvaartonderneming  Isabel II,9934 CR
C.V. Scheepvaartonderneming Adamas,9933 HG
C.V. Scheepvaartonderneming Amazoneborg,9934 CK
C.V. Scheepvaartonderneming Amstelborg,9934 CK
C.V. Scheepvaartonderneming Anet,9934 CL
C.V. Scheepvaartonderneming Arneborg,9934 CK
C.V. Scheepvaartonderneming Balticborg,9934 CK
C.V. Scheepvaartonderneming Bothniaborg,9934 CK
C.V. Scheepvaartonderneming Christina Carina,9934 AR
C.V. Scheepvaartonderneming Citadel,3701 HB
C.V. Scheepvaartonderneming Claudia / Clarissa,9934 AR
C.V. Scheepvaartonderneming Diezeborg B.V.,9934 CK
C.V. Scheepvaartonderneming Doorduin,9934 CK
C.V. Scheepvaartonderneming Emma,9934 CK
C.V. Scheepvaartonderneming Flinter Pioneer,2993 LV
C.V. Scheepvaartonderneming Flinter Veritas,9936 BH
C.V. Scheepvaartonderneming Flinterbay,2993 LV
C.V. Scheepvaartonderneming Flinterbirka,2993 LV
C.V. Scheepvaartonderneming Flinterborg,9936 BH
C.V. Scheepvaartonderneming Flinterbright,2993 LV
C.V. Scheepvaartonderneming Flinterbrise,9936 BH
C.V. Scheepvaartonderneming Flintercape,2993 LV
C.V. Scheepvaartonderneming Flintercoast,2993 LV
C.V. Scheepvaartonderneming Flinterdijk,2993 LV
C.V. Scheepvaartonderneming Flinterduin,2993 LV
C.V. Scheepvaartonderneming Flinterfury,9936 BH
C.V. Scheepvaartonderneming Flinterland,2993 LV
C.V. Scheepvaartonderneming Flintermar,2993 LV
C.V. Scheepvaartonderneming Flintersky II,2993 LV
C.V. Scheepvaartonderneming Flinterstar III,2993 LV
C.V. Scheepvaartonderneming Flintersun III,2993 LV
C.V. Scheepvaartonderneming Irina II,9934 CR
C.V. Scheepvaartonderneming Jade,9934 CK
C.V. Scheepvaartonderneming Kirk,7546 LA
C.V. Scheepvaartonderneming Pacific,9728 JS
C.V. Scheepvaartonderneming Panda,9934 CK
C.V. Scheepvaartonderneming Priscilla,9934 CK
C.V. Scheepvaartonderneming Rijnborg,9934 CK
C.V. Scheepvaartonderneming Robijn,9933 HG
C.V. Scheepvaartonderneming Samira,9934 CK
C.V. Scheepvaartonderneming Sital,9934 CK
C.V. Scheepvaartonderneming Tucana,1705 EL
C.V. Scheepvaartonderneming Veltman,9934 CK
C.V. Scheepvaartonderneming Virginiaborg B.V.,9934 CK
C.V. Shipping Company Benguela Stream,9728 JS
C.V. SO Tide Navigator,8448 JB
C.V. SO Timber Navigator,8440 AS
C.V. Stavfjord,9934 CK
C.V. Taagborg,9934 CK
C.V. Timberfleet II,9934 AR
C&B More B.V.,4851 CD
C&C Yachts Benelux B.V.,1311 GB
C2,1785 AK
Callidus Group BV,8503 AD
Camping / Jachthaven De Mars,6988 BM
Camping & Jachthaven De Veenhoop,9215 VV
Camping IJsselstrand B.V.,6984 AG
Camping It Wiid B.V.,9264 TP
Camping Jachthaven Uitdam,1154 PP
Capewater C.V.,2952 BD
Carbon Energy Club,1030 BR
Caribbean Sea C.V.,2921 LA
CB&I Nederland BV,2595 AK
CCA Yachtcleaners B.V.,4311 RM
Cebo Holland BV,1976 BV
Cebo Marine B.V.,1976 BV
Cee-Bee Maritime / MerchINTs Cleaning & Services BV,8100 AB
Cee-Bee Maritime / MerchINTs Cleaning & Services BV,8100 AB
Celtic Klipper Shipping Company,9728 JS
Cemstar Shipping B.V.,3133 KP
Cenes Scheepsbouwbetimmering BV,9200 AJ
Cenes Scheepsbouwbetimmering BV,9200 AJ
Centerpoint Charters,8606 KB
Centraalstaal BV,9700 AE
Centraalstaal BV,9700 AE
Central Dredging Association (CEDA),2629 HD
CEVA Showfreight,6604 LH
CFL Martini Beheer B.V.,9712 AC
CFL Marvel Beheer B.V.,9712 AC
CFL Merchant Beheer B.V.,9712 AC
CFL Momentum Beheer B.V.,9712 AC
CFL More Beheer B.V.,9712 AC
CFL Motion Beheer B.V.,9712 AC
Chain Technology Project Services BV,2623 CR
Changuinola Bay Shipping Company B.V.,9728 JS
Charente Shipping B.V.,9936 GZ
Charlois Scheepswerf,3625 AB
Chartworx BV,1780 AJ
Chartworx BV,1780 AJ
CHC Industry,4207 HE
Chemgas Shipping B.V.,3016 BE
Chemship B.V.,2908 LJ
Chubb Fire & Security,1090 GC
Chubb Fire & Security,1090 GC
Chugoku Paints BV,4793 ZH
Chugoku Paints BV,4793 ZH
CIG Maritime Technology,9700 AE
CIG Maritime Technology,9700 AE
CIG Maritime Technology,9723 BX
Cirmac International BV,7324 BX
Cito Shipping C.V.,8861 SW
City Marina Rotterdam B.V.,3071 AX
Claasen Shipyard B.V.,1509 BT
Clearwater Group,2952 BD
Cliffwater C.V.,2952 BD
CMS Derks Star Busmann NV,1096 BC
CNGS Group,2555 CD
Coastal Motor Boats,8899 CB
Coastalwater Shipping Company C.V.,2952 BD
Cobaltwater C.V.,2952 BD
Cofely West Industrie BV,3008 PC
Cofely West Industrie BV,3008 PC
Coil Services BV,7825 AL
Cold Stream Shipping Co. N.V.,9728 JS
Combi Jachtbouw,1601 EX
Combimac BV,7801 CA
Combimac BV,7801 CA
Comfortis Scheepsstoffeerderij,8721 GB
Comfortparc Wessem,6019 AA
Compagnieshaven Enkhuizen B.V.,1601 ZA
Compressor Systems Holland (CSH) BV,4131 MD
Conautic Maritime Agency B.V.,3191 AA
Conbit Engineering BV,5626 EI
Concordia Shipyards BV,4250 DB
Concordia Shipyards BV,4250 DB
Confidence Shipmanagement Company B.V.,2909 VA
Conhold B.V.,1671 GD
Conoship International BV,9702 HA
Conoship International BV,9702 HA
Conquest Offshore BV,4251 NL
Conradi en Fopma,9003 MC
Contessa Marina B.V.,8376 HL
Contest Brokerage B.V.,1671 GD
Control Techniques BV,3364 DG
Control Techniques BV,3364 DG
Conway & Partners NV,3072 MD
Conyplex BV,1671 GD
Coolwater C.V.,2952 BD
Cooperyacht B.V.,3631 NA
Coops en Nieborg BV,9600 AE
Coops en Nieborg BV,9600 AE
Copernicos Groep BV,7420 AD
Copernicos Groep BV,7420 AD
Copier Bevelmachines,4283 JJ
Coppename Shipping Company B.V.,9728 JS
Coral Leaf Shipping B.V.,3016 BE
Coral Palmata Shipping B.V.,3016 BE
Coral Pavona Shipping B.V.,3016 BE
Coralwater C.V.,2952 BD
Corba Watersport,1135 CP
Coronam BV,1507 DV
Correct Marine BV,3051 KA
Corrosion & Water-Control bv,2750 AA
Corrosion & Water-Control bv,2750 AA
Cramm Yacht Systems B.V.,9041 VC
Cramm Yachting Systems,8901 BH
Cramm Yachting Systems,8901 BH
Cressi / Enki,2011 AN
Croon Elektrotechniek B.V.,3316 GC
Croon Elektrotechniek BV,3316 GC
Croon Elektrotechniek BV,3300 AC
Croon Elektrotechniek BV,3300 AC
Crown Mary Shipping B.V.,3335 LR
CRS Rebecca B.V.,1033 NW
CS Rigging,1507 CB
CSI Control Systems,3133 EJ
CSI Control Systems,3133 EJ
Cummins Holland BV,3300 AM
Cummins Holland BV,3300 AM
d'Anckerplaets,1033 RC
Dagin Marine Technology,2400 MO
Dagin Marine Technology,2400 MO
Damen Anchor & Chain Factory (AKF),3100 AA
Damen Anchor & Chain Factory (AKF),3100 AA
Damen Den Helder,1780 AC
Damen Den Helder,1780 AC
Damen Dredging Equipment BV,3860 BA
Damen Dredging Equipment BV,3860 BA
Damen Marine Components BV,3371 XE
Damen Marine Components BV,3371 XE
Damen Marine Services B.V.,4202 MS
Damen Schelde Gears,4380 AN
Damen Schelde Gears,4380 AN
Damen Schelde Marine Services,4380 AA
Damen Schelde Marine Services,4380 AA
Damen Schelde Naval Shipbuilding,4380 AN
Damen Schelde Naval Shipbuilding,4380 AN
Damen Shiprepair Rotterdam BV,3115 HB
Damen Shiprepair Rotterdam BV,3100 AA
Damen Shiprepair Rotterdam BV,3100 AA
Damen Shiprepair Rotterdam BV,3100 AA
Damen Shiprepair Rotterdam BV,3100 AA
Damen Shipyards Bergum,9250 AA
Damen Shipyards Bergum,9250 AA
Damen Shipyards Gorinchem,4202 MS
Damen Shipyards Gorinchem,4200 AA
Damen Shipyards Gorinchem,4200 AA
Damen Shipyards Group,4200 AA
Damen Shipyards Group,4200 AA
Damen Shipyards Hardinxveld,3370 AB
Damen Shipyards Hardinxveld,3370 AB
Damen Shipyards Texel,1780 AC
Damen Shipyards Texel,1780 AC
Damo Boating B.V.,1241 NG
Daslik Consultancy & Trading BV,2243 AX
Datema Delfzijl B.V.,9936 HX
Datema Nautical Safety,9930 AC
Datema Nautical Safety,9930 AC
DBR BV,3364 AH
DBR Generatorsets,3360 BA
DBR Generatorsets,3360 BA
DDM Oil & Gas BV,3454 PW
De Boarnstream International Motoryachts,9011 WH
De Bock Maritiem B.V.,1811 NJ
De Bruyn Watersportservice,1382 LJ
De Cleypoel Watersport,2375 NG
De Drijfveer Bootverhuur en Jachthaven Tusken de Marren,8491 CJ
De Droge Jachthaven / Groene Hart Sloepverhuur,2401 LP
De Eerste Brabantse Zeilschool 'De Biesbos',4924 BB
De Evenaar Yachting B.V.,3621 VC
De Goede Ree,4305 RA
De Goede Ree,4305 RA
De Graaf Aandrijvingen,3009 CD
De Graaf Aandrijvingen,3009 CD
De Graaf Aandrijvingen BV,3316 GZ
De Graaff B.V. W.S.B.,3312 AB
De Haan Jachttechniek,8441 PG
De Hoek Watersport,8528 DT
De Hoeve Multipower B.V.,5144 ND
De IJssel Coatings B.V.,2841 MH
De Jachthavengroep B.V.,1025 LV
"De Kaap BV, Scheepswerf",7940 AC
"De Kaap BV, Scheepswerf",7940 AC
De Keizer Marine Egineering B.V.,1505 HK
De Koning Marine Service B.V.,4906 AC
De Koning Straal-& Schilderwerken BV,4900 AL
De Koning Straal-& Schilderwerken BV,4900 AL
De Koninggans C.V.,9934 AR
De Koornwaard B.V.,4161 BH
De Paardekreek,4484 NT
De Randmeren Zeilscholen & Bootverhuur,8256 RZ
DE REGT Marine Cables,2931 LD
De Rijk B.V.,2451 AE
De Ruijter Yachtbemiddeling,6107 BG
De Ruyter Training & Consultancy BV,4382 NL
De Ruyter Training en Consultancy,4382 NL
"De Schroef BV, Scheepswerf",4551 MC
"De Schroef BV, Scheepswerf",4551 MC
De Stille Boot V.O.F.,8621 DV
De Vaart Yachting B.V.,8243 RD
De Valk Amsterdam B.V.,1231 LM
De Valk Group B.V.,1231 LM
De Valk Hindeloopen B.V.,8713 JS
De Valk Loosdrecht B.V.,1231 LM
De Valk Monnickendam B.V.,1145 PM
De Valk Sneek B.V.,8606 KC
De Valk Zeeland,4697 RM
De Velde Jachtbetimmering,8356 VJ
De Voogt Naval Architects B.V.,2014 HT
De Vries Scheepsbouw Makkum B.V.,8754 HA
De Vries Westeinder B.V.,1423 SE
De Waal BV,4251 NL
De Waal BV,4251 NL
De Wijkse Haven,3961 AA
De Witte Boulevard,4325 BH
De Zeezeilers van Marken,8861 CK
De Zuidschor Watersport B.V.,4471 NG
Deba Marine B.V.,6916 KC
Deep Water Yachts,2514 HP
Dekker Scheepvaart C.V.,7887 TK
Deko Marine B.V.,8242 PE
Delfborg C.V.,9934 CK
Delmar Safety BV,3194 DL
Delmar Safety BV,3194 DL
Deloitte,3072 AP
Deloitte Accountants B.V.,9728 JR
Delos Yachtcharter,3411 WG
Delta Boat Center B.V.,3253 ME
Delta Marina B.V.,4484 NV
Delta Marine Crewing B.V.,4382 WX
Delta Marine Shipping C.V.,9936 GZ
Delta Watersport,3253 ME
Delta Yacht,4486 CZ
Deltares,2629 HD
Demarage Zeilcentrum,3085 ED
Den Daas Recreatie Beheer B.V.,6661 KG
Den Helder Training Centre B.V.,1786 PE
Den Otter Sailing,3181 PE
Deno Compressors BV,2921 LP
Deno Compressors BV,2921 LP
Deno Compressors BV,2921 LP
Det Norske Veritas B.V.,2994 LB
Dhatec BV,5571 SK
DHTC BV,1786 PE
Dick van der Kamp Shipsales B.V.,3214 AP
Dintelmond Jachtcentrum B.V.,4794 SN
"Dirkzwager, Royal",3140 AA
"Dirkzwager, Royal",3140 AA
DISA Nederland BV,1973 AM
Discom BV,2952 AT
Discom BV,2952 AT
Discom BV,2952 AT
Distixx BV,2495 AX
Dive Post Dive-Equipment V.O.F.,2235 CN
DNV GL,2994 LB
Dockadd,1081 KD
Dockwise BV,4822 NJ
Dockwise Shipping B.V.,4822 NJ
Doedijns BV,2741 PH
Doeve Makelaars & Taxateurs Jachten en Schepen V.O.F.,3133 AV
Dometic  Benelux BV,4879 NP
Donge Flushing Yard BV,4460 AE
Donge Flushing Yard BV,4460 AE
Doornbos Equipment BV,3044 AH
Doornbos Equipment BV,3044 AH
Doornbos Equipment BV,3044 AH
Double-D,5140 AL
Double-D,5140 AL
"Dräger Nederland BV, Marine & Offshore",3194 DK
"Dräger Nederland BV, Marine & Offshore",3194 DK
Dredging & Contracting Rotterdam BV,4611 BB
Drema Waterbehandeling B.V.,3316 GS
DRIE-D bv,2652 XL
DRIE-D bv,2652 XL
Drinkwaard Yachting BV,3361 GN
Dros Nautic Keuringsbureau,2343 GW
Droste Elektro BV,6916 AN
Droste Elektro BV,6916 AN
DSA Yachts / Vri-Jon,8376 HH
DSE Oil & Gas,1704 SL
DSM Dyneema BV,6129 EL
Duik-en Kano Centrum de Beldert,4011 LW
Duik-en Zwemsportcentrum DSD B.V.,2521 CA
Duikcentrum de Aalscholvers,5046 DM
Duikcentrum de Grevelingen B.V.,4322 NB
Duikcentrum Onderwaterwereld,2011 TD
Duikcentrum The Wave B.V.,2181 AK
Dulon International BV,2251 AP
Dutch Crane Engineering BV,1505 HE
Dutch Falcon Yachts B.V.,5145 PD
Dutch NDT Support BV,3232 LN
Dutch P&I Services B.V.,3011 WJ
DutchCat,2291 KE
Duvalco BV,3316 BZ
Dynaflow Research Group BV,2719 EB
Dynamic Marine Systems B.V.,5222 BM
E-Harbour,1019 AT
E-Semble BV,2624 AK
Eaton Industries (Netherlands) BV,7559 SC
Eaton Industries BV,7550 AA
Eaton Industries BV,7550 AA
Eberca B.V.,3281 NB
EBN BV,3511 SV
EBT Yachtpanels,2950 AC
EBT Yachtpanels,2950 AC
Econosto Nederland BV,2908 LT
Econosto Nederland BV,3009 TJ
Econosto Nederland BV,3009 TJ
Eekels Technology BV,9600 AA
Eekels Technology BV,9600 AA
Eemhof Watersportcenter.nl,3896 LD
Eems Servant C.V.,4251 NK
Eems Solar C.V.,4251 NK
Eems Space C.V.,4251 NK
Eems Spirit C.V.,4251 NK
Eems Spring C.V.,4251 NK
Eems Stream C.V.,4251 NK
Eemsbeheer V B.V.,9934 CK
Eemslift Christiaan C.V.,4251 NK
Eerste Huizer Zeilschool,1274 EG
EEW-CTS BV,4818 JD
EIN enterprise BV,6211 CJ
EL-Tec Elektrotechnologie BV,8051 DB
EL-Tec Elektrotechnologie BV,8051 DB
ELA Container Offshore Accommodations BV,9723 CC
Eldorado Parken B.V.,6590 AD
Elena Shipping B.V.,3335 LR
Elma BV,3769 ZH
Elma BV,3769 ZH
EMCÉ Winches BV,2215 TC
Emergency Control -Maritime Training B.V. (ECMT),3081 AB
Emigreen BV,3364 DH
Emigreen BV,3364 DH
Emmius Notarissen,9901 CN
Emuna Shipping C.V.,4251 VL
Enerpac Integrated Solutions BV,7554 TS
Enerpac Integrated Solutions BV,7554 TS
Enerpac Integrated Solutions BV,7554 TS
Ennio Marnix Shipping,7881 KH
Epifanes / W. Heeren & Zn B.V.,1432 AL
Erkermeerderstrand Camping / Jachthaven,3896 LB
Esailing,1277 BP
Escher Process Modules BV,3351 LD
ESKO Diveworld,3701 JG
ESRO Staal BV,2952 DD
ESS Watersport,7701 RE
ESTechnologies BV,1671 NJ
ESTechnologies BV,1671 NJ
Euro HÜBNER Benelux BV,5902 RA
Euro HÜBNER Benelux BV,5902 RA
Euro-Rigging BV,3542 AW
European Pump Services BV,2987 VZ
European Pump Services BV,2987 VZ
Europese Zeil-en Surfschool De Lauwer,9976 VR
Euroship Services B.V.,6624 KK
Euroyachting,4818 PD
Everest Bay Shipping Company B.V.,9728 JS
Exalto B.V.,3371 XE
Expertise Buro R.C. Schuijt B.V.,1601 EK
Expertiseburo Bunschoten,3645 WT
Expertiseburo Coers,1339 KR
Expl. 't Bassin Maastricht B.V.,6211 AK
Exploitatiemaatschappij Elfhoeven B.V.,2811 HL
Expro North Sea Ltd,1785 AA
EY,3011 XZ
EY Belastingadviseurs LLP,3011 XZ
F. Bloemsma Aluminiumbouw B.V.,8754 HA
Fa. Daniël en Zonen,2401 LH
Fa. H.A. Voor den Dag V.O.F.,4251 NT
Fa. W. Harting & Zn,1432 BW
Fabricom Offshore Services BV,1786 PP
Fairlane B.V.,3115 HC
Fairload B.V.,3115 HC
Fairmount Marine B.V.,3032 AC
Fairmount Marine BV,3032 AC
Fairplay Heavy Lift B.V.,3115 HC
Fairstar Heavy Transport N.V.,3012 NJ
Fairstar Heavy Transport NV,3012 NJ
Falck,3199 LM
Falck Safety Services,3199 LM
Falcon Boats,4651 ST
Far East Boats Holland B.V.,6902 PA
Favoriet Shiprepair & Building BV,3044 AS
Favoriet Shiprepair & Building BV,3044 AS
FDJ Holding B.V.,3051 EN
Feederlines B.V.,9735 AD
Fenedex,2596 HL
Ferro Marine,4706 AN
"Ferus Smit BV, Scheepswerf",9600 AC
"Ferus Smit BV, Scheepswerf",9600 AC
Fibremax BV,8502 TH
Firma De Jong,2811 EP
Fischcon BV,4131 PH
Flagship Management Company B.V.,9936 BH
Flevo Marina B.V.,8221 RC
Flevo Nautica Almere,1333 MS
Flevo Yachtcharter,8221 RC
Flevostrand B.V.,8256 RZ
Flinter Aland,2993 LV
Flinter America N.V.,2993 LV
Flinter Arctic N.V.,2993 LV
Flinter Bareboat B.V.,2993 LV
Flinter Fortune B.V.,9936 BH
Flinterbothnia II B.V.,2993 LV
Flintergerarda II B.V.,2993 LV
Flinterspirit III B.V.,2993 LV
Floating Grocer,8097 RT
Flowgrill B.V.,6905 DJ
FMC Technologies Surface Wellhead BV,7761 PV
FMTC BV,1171 VG
FNV Bondgenoten,3009 AR
FNV Bondgenoten,3009 AR
Focus Sails & Sailing,8606 KB
For Sail Yachtbrokers,3253 ME
Forexx Marine & Offshore,5611 KN
Forexx Marine & Offshore,5611 KN
Fort Marina B.V.,2361 AA
Fortunus Zar-Benelux V.O.F.,1081 KE
Frames BV,2404 ND
Frank's International BV,1786 PB
Franklin Offshore Europe BV,3316 GZ
Frederiks Watersport,8375 ED
Friesdec B.V.,8723 CX
Friesland Boten,9295 KA
FrieslandZeilen,8606 KD
Frisian Ocean N.V.,8602 JX
Frisium C.V.,8602 JX
Fugro Engineers BV,2264 SG
Fugro GeoServices BV,2263 HW
Fugro NV,2264 SG
Fugro Robertson BV,2264 SG
Fugro Survey BV,2264 SG
Fuji Bay Shipping Company B.V.,9728 JS
Future Pipe Industries BV,7770 AG
Future Pipe Industries BV,7770 AG
G. Bouwman Towing & Shipping B.V.,4301 NA
G. Messink Holding B.V.,1601 GD
G.A. Kroes & Zn. Bootbouwers,8267 AD
G.J. Molema Reiderhaven,9686 VE
G4S Training & Safety Solutions BV,8465 SP
G4S Training & Safety Solutions bv,6716 AE
Galamadammen Jachthaven,8723 CE
Gannet Shipping B.V.,3161 ED
Garmin Nederland B.V.,3755 BT
GEA Bloksma,1300 BA
GEA Bloksma,1300 BA
GEA Westfalia Separator Nederland BV,5430 AJ
GEA Westfalia Separator Nederland BV,5430 AJ
Geberit BV,3430 AR
Geberit BV,3430 AR
Gebhard Electro BV,4900 AB
Gebhard Electro BV,4900 AB
Gebr. Deetman Watersport,8081 GN
"Gebr. G. & H. Bodewes BV, Scheepswerven",8060 AA
"Gebr. G. & H. Bodewes BV, Scheepswerven",8060 AA
Gebr. van Ast B.V.,4318 TK
Gebr. Van Enkhuizen STD,8754 HA
"Geertman BV, Scheepswerf",8064 ZG
"Geertman BV, Scheepswerf",8064 ZG
Gemeente Hemmeland/Jachthaven Hemmeland,1141 LA
Georg Fischer NV,8161 PA
Georg Fischer NV,8160 AA
Georg Fischer NV,8160 AA
George Kniest Boat Equipment B.V.,1361 AA
GEP,2038 PA
Geveke Werktuigbouw bv,1014 BA
Gicom Jachtcentrum Ketelhaven B.V.,8251 PJ
Gielissen Interiors & Exhibitions,5657 EE
Gielissen Shipyard,5704 RC
Global Crew Shipping,9723 JC
Global Seatrade B.V.,8321 EJ
Global Valve Center BV,2991 ZC
Global Valve Center BV,2991 ZC
Globecomm Maritime,8256 SH
Globecomm Maritime,8256 SH
GMS Instruments BV,3084 CB
GMS Instruments BV,3084 CB
Goossens Yachtservice C.V.,6107 BM
Gouda Holland BV,2851 AW
Grainz,8541 AB
Grannetia Watersport Service,8491 PH
Grashaven Hoorn,1621 AA
Greenland Engineering BV,7741 MA
Greenland Engineering BV,7741 MA
Grevelingen Yachting B.V.,4322 AK
Groeneveld-VOSC,3812 PW
Groenewold Business Partner B.V.,3364 DJ
Groenewold Business Partner B.V.,3364 DJ
Groot Ship Design BV,9351 VJ
Groot Ship Design BV,9351 VJ
GS Yard BV,9609 PA
GS Yard BV,9609 PA
GS-Hydro Benelux BV,2992 SB
GSP Offshore BV,3029 AK
GT Yachtbrokers V.O.F.,3251 LC
Guido de Groot Design B.V.,2311 HT
Guliker Scheeps-en Meubelstoffering V.O.F.,3861 NC
GustoMSC,3115 JD
H-B Jachtservice B.V.,5331 KA
H. Hokwerda Beheer B.V.,9011 WJ
"H. Niessen BV, Scheepsreparatie en Constr.bedrijf",3330 AD
"H. Niessen BV, Scheepsreparatie en Constr.bedrijf",3330 AD
H2M,3417 ME
Haarlemsche Jachtwerf,2034 JG
Haddock Watersport,1324 ZZ
Hageman Beheermaatschappij B.V.,8031 ER
Hagoort Sails B.V.,2731 BR
Hakvoort Scheepswerf B.V.,1141 AX
Hal 1,2342 BZ
HAL Beheer B.V.,3072 MD
Halliburton BV,1976 BE
Hamel Metaal BV,1332 EJ
Hampe Meyjes Advocaten,3087 AG
Hansa B.V.,4475 NA
Haprotech Consultancy,1951 MD
Harderwijk Maritiem,3846 BS
Harry van Wijk Boatservice,2241 SV
Hartel Shipping & Chartering B.V.,3233 AM
Hartman Marine BV,8321 EJ
Hartman Marine BV,8321 EJ
Hartman Marine Classic Yachts B.V.,8321 EJ
Hatenboer Roermond B.V.,6041 TN
Hatenboer Yachting,3439 MS
Hatenboer-Water,3113 AR
Hatenboer-Water BV,3002 AA
Hatenboer-Water BV,3002 AA
Hathor Beheer B.V.,9934 PV
Haven en Scheepvaart Vereniging (HSV) Den Helder,1782 BL
Haven Hunzegat V.O.F.,9974 SM
Haven-en Scheepvaart Vereniging den Helder,1782 BL
Haven-en Scheepvaart Vereniging den Helder,1782 BL
Havenbedrijf Rotterdam NV,3029 AD
Havenbedrijf Rotterdam NV,3002 AP
Havenbedrijf Rotterdam NV,3002 AP
Hays Oil & Gas,3012 CA
HDC MarvelConsult BV,5171 JS
HDC MarvelConsult BV,5171 JS
Head N.V.,4902 NS
Heating Group International BV,6604 LX
Heatmaster BV,3340 AG
Heatmaster BV,3340 AG
Heba Aquasport / Boatingworld Almere,1351 AH
Heech By De Mar B.V.,8621 CZ
Heemhorst Watersport B.V.,1432 AH
Heemskerk Beheer B.V.,1432 AH
Heerema Fabrication Group SE,3336 LH
Heerema International Group Services SA,2585 GG
Heerema Marine Contractors Nederland BV,2332 AA
Heerema Marine Contractors Nederland SE,2332 AA
Heerema Vlissingen BV,4455 TT
Heesen Yacht Builders B.V.,5347 KL
Heesen Yachts BV,5340 AA
Heesen Yachts BV,5340 AA
Height Specialists BV,2661 KR
Heinen & Hopman Engineering B.V.,3751 LN
Heinen & Hopman Engineering BV,3751 LN
Heinen & Hopman Engineering BV,3750 GA
Heinen & Hopman Engineering BV,3750 GA
Hellas Watersport,1435 BN
Hempel (The Nederlands) BV,3100 AT
Hempel (The Nederlands) BV,3100 AT
Hen-Teak,6109 AS
Hendrik Veder Group BV,3089 KE
Hendrik Veder Group BV,3008 KA
Hendrik Veder Group BV,3008 KA
Herculan Synthetic Products BV,4230 BA
Herculan Synthetic Products BV,4230 BA
Herkingen Marina B.V.,3249 AJ
Hertel BV,3195 ND
Hertel Offshore,3008 EA
Hertel Offshore,3008 EA
Het Boothuijs B.V.,4931 AA
Het Duikhuis,3432 GN
Het Wakend Oog V.O.F.,8551 ML
Het Zeilbedrijf B.V.,8531 HJ
HGG Profiling Contractors BV,1771 SW
Hint,8051 KE
HISWA BESTUREN,1033 RA
HISWA Vereniging,1033 RA
HK International BV,1321 NP
HK International BV,1321 NP
HMS Beheer B.V.,1601 EV
HOBIJ Techniek,5462 EA
HOBIJ Techniek,5462 EA
Hobré Instruments BV,1446 WK
Hoek Yachtcleaning,4328 KB
Hoekman Shipbuilding BV,8320 AA
Hoekman Shipbuilding BV,8320 AA
Holiday Boatin Doerak Sneek,8606 KA
Holland Friesland B.V.,9728 JS
Holland Jachtbouw B.V.,1505 HH
Holland Klipper Shipping Company B.V.,9728 JS
Holland Marine Lifts,3371 EE
Holland Marine Lifts,3371 EE
Holland Marine Parts,3316 BL
Holland Marine Service B.V.,3898 LN
Holland Marine Services Amsterdam BV,1500 EK
Holland Marine Services Amsterdam BV,1500 EK
Holland Marine Technologies BV,3447 GK
Holland Marine Technologies BV,3447 GK
Holland Nauta,1211 KH
Holland Shipyards BV,3372 BW
Holland Shipyards BV,3372 BW
Holland Sport Boat Centre,1095 KG
Holland Warmte-& Ventilatiesystemen,3281 NE
Hollandia Offshore BV,2921 LG
Holmatro,4940 AB
Holmatro,4940 AB
Holmatro Industrial Equipment BV,4941 VL
Honda Motor Europe Ltd,1119 NN
Honeywell BV,1101 EA
Honor Safety & Consultancy BV,1327 CJ
"Hooch Watersport, Bootliften en Boothuizen",6013 RB
Hoogenboom Kaag V.O.F.,2159 LD
"Hoogerwaard BV, Scheepswerf",3089 JD
"Hoogerwaard BV, Scheepswerf",3089 JD
Hoogeveen Yachting B.V.,7903 AM
Hottug,3011 VW
House of Yachts B.V.,4311 NC
Houtwerf Eursa,5298 MH
HSM Offshore BV,3115 HG
Huisman BV,3115 HH
Huisman Equipment BV,3100 AD
Huisman Equipment BV,3100 AD
Huisman Maritiem B.V.,6651 KK
Hürter Yachtcharter,8711 AX
Hutting Yachts Makkum B.V.,8754 HE
Hycom BV,7333 PE
Hydac BV,5705 CL
Hydrex BV,4819 BC
Hydrex BV,4819 BC
Hydrographic and Marine Consultants (HMC) B.V.,1323 VA
Hydromar Marine Equipment B.V.,8912 AW
Hytorc Nederland BV,6641 TL
I.N.S. Nederland,5231 SE
ICT Strategie BV,4731 CS
ICT Strategie BV,4731 CS
Idreco,7007 CJ
Idreco,7007 CJ
Idskenhuizen Recreatiepark,8523 NK
Iemants NV,2370 AR
IFS BeNeLux BV,5657 EW
IFS Benelux BV,5657 EW
IFS Benelux BV,5657 EW
IHC Drives & Automation BV,3361 HJ
IHC Drives & Automation BV,3360 AA
IHC Drives & Automation BV,3360 AA
IHC Fabrication BV,2961 AW
IHC Global Production BV,2960 AA
IHC Global Production BV,2960 AA
IHC Handling Systems VOF,2645 EG
IHC Holland BV,2960 AA
IHC Holland BV,2960 AA
IHC Holland BV,2960 AA
IHC Holland BV,2960 AA
IHC Holland BV,2960 AA
IHC Holland BV,2960 AA
IHC Hydrohammer BV,2961 AW
IHC Hytop BV,3361 HJ
IHC Hytop BV,3360 AH
IHC Hytop BV,3360 AH
IHC Merwede BV,3361 EP
IHC Merwede Holding BV,3360 AE
IHC Merwede Holding BV,3360 AE
IHC Metalix BV,2960 AA
IHC Metalix BV,2960 AA
IHC Mining BV,2961 AW
IHC Offshore & Marine BV,2921 LG
IHC Offshore Systems BV,2921 LG
IHC Offshore Technology Institute,2961 AW
IHC Parts & Services BV,2961 AW
IHC Parts & Services BV,2960 AB
IHC Parts & Services BV,2960 AB
IHC Piping BV,3360 AB
IHC Piping BV,3360 AB
IHC Sealing Solutions,2950 AD
IHC Sealing Solutions,2950 AD
IHC Systems BV,3361 HJ
IHC Vremac Cylinders BV,7333 NP
IJsseldelta Marina B.V.,8051 ER
IJsselmeerzeilers Verhuur,1403 JJ
IJsselsport B.V.,7223 DA
IMT BV,4104 BG
IMT BV,4100 AB
IMT BV,4100 AB
Imtech Marine Netherlands,3087 AG
Imtech Marine Netherlands B.V.,3087 AG
Imtech Marine Netherlands BV,1976 BS
Imtech Marine Netherlands BV,3008 AB
Imtech Marine Netherlands BV,3008 AB
In Tense BV,8024 HA
Independent Risk Solutions B.V.,3016 CJ
Independent Risk Solutions BV,3016 CJ
Ingenieursbureau Coenradie BV,5688 GA
Ingenieursburo Gommer BV,2271 AD
Innovative Input BV,2983 GS
Innovative Input BV,2983 GS
Interboat Watersport Schuiten B.V.,1231 LV
InterDam BV,2987 VB
Interline Systems BV,1704 SM
International Association of Drilling Contractors (IADC),6523 CM
International Paint (Nederland) B.V.,3161 HJ
International Paint (Nederland) BV,3160 AB
International Paint (Nederland) BV,3160 AB
International SOS,1066 EP
InterStep-des Corps BV,3584 AA
Intertech,3892 DC
Intertech,3892 DC
Intramar Insurances,1781 AD
Intrec B.V.,4493 BJ
Inventech Benelux BV,4906 BB
Inventheon BV,2132 JA
IOT-DOSCO BV,1921 CE
IPCO Power BV,3300 BD
IPCO Power BV,3300 BD
iPS -Powerful People,2909 LK
IPS Capelle aan den IJssel B.V.,2909 LK
IPS Group BV,3115 JG
Isloep B.V.,2404 HL
Istimewa Electro,4389 PB
Iv-Oil & Gas BV,3351 LD
IVM (Instituut voor Veiligheid & Milieu BV),7741 KT
J. Bekkers Co. B.V.,3011 VE
J. Hogenberg V.O.F.,8371 WK
J. Jonkman & Zonen B.V.,2172 JX
J.L. Weststrate,4424 CP
Jac. P. Vrolijk VOF,2583 DB
Jacht Elektro Wisse B.V.,4333 KM
Jacht en Scheepsbouw De Alm,4251 NG
Jacht-& verkoophaven E. Peek,1095 KK
Jacht-en Passantenhaven Aeme,1421 AH
Jachtbemiddeling Van der Veen B.V.,8493 LL
Jachtbouw Vels & Partners B.V.,1671 GW
Jachtbouw Zevenhuizen B.V.,8861 ND
Jachtcenter Dijkstra,8621 DZ
Jachtcenter Elburg B.V.,8081 HB
Jachthaven 'De Toekomst',3621 VC
Jachthaven 't Eibertsnest,9271 HD
Jachthaven 't Eiland,6988 BX
Jachthaven 't Einde,1095 KL
Jachthaven 't Fissertje,2159 LJ
Jachthaven 't Leije Gat,9163 GB
Jachthaven 't Leuken/Valckx Watersport,5855 EG
Jachthaven Achterbos B.V.,3645 CD
Jachthaven Biesbosch B.V.,4924 BA
Jachthaven Borger,3645 DW
Jachthaven Bouwmeester,1095 KK
Jachthaven Bruinisse B.V.,4311 NC
Jachthaven Camping Roggebotsluis,8265 PR
Jachthaven Camping Wijde Aa,2481 KG
Jachthaven Crezee B.V.,4926 DA
Jachthaven De Aardbei,1431 AR
Jachthaven De Batterij,4797 SP
Jachthaven De Bijland B.V.,6916 KC
Jachthaven De Boei Lemmer,8531 HJ
Jachthaven de Boekanier B.V.,1066 BV
Jachthaven de Eemhof,3896 LD
Jachthaven De Hanze B.V.,8031 ER
Jachthaven De Horne,8493 LL
Jachthaven De Koppoel V.O.F.,2375 NA
Jachthaven De Kranerweerd,8064 PN
Jachthaven De Lemsterpoort,8556 AM
Jachthaven De Maas,5335 JK
Jachthaven De Meerkoet,8539 RM
Jachthaven De Molenwaard B.V.,8061 EZ
Jachthaven De Noord Aa,2355 AS
Jachthaven De Noordvaarder,8243 PT
Jachthaven De Opbouw B.V.,3621 VC
Jachthaven De Roggebot,8264 PA
Jachthaven De Rotterdamsche Admiraliteit B.V.,3063 EG
Jachthaven De Uitkijk,1231 LX
Jachthaven De Uylenburgh,8622 XZ
Jachthaven de Wiel,5256 PL
Jachthaven De Wilgenhoek,3645 BA
Jachthaven Dok 12 / Boatsale,4941 EE
Jachthaven Doornbos,3625 AA
Jachthaven Dorado Beach,7225 ND
Jachthaven Dragt & Zn. B.V.,1431 EX
Jachthaven Eendracht BV,8621 CT
Jachthaven Eldorado,6586 AD
Jachthaven en Bootopslag ''De Runde'',9561 NA
Jachthaven en Makelaardij Kempers B.V.,1431 GX
Jachthaven en Recreatiepark De Lunenburg B.V.,3962 MZ
Jachthaven Friese Hoek,8531 HJ
Jachthaven H. Geijsman,3233 XJ
JACHTHAVEN HET ANKER,1231 LS
Jachthaven Het Zwanengat,2361 PB
Jachthaven Hillegersberg B.V.,3054 AP
Jachthaven Hindeloopen B.V.,8713 JS
Jachthaven Hoek B.V.,8355 CL
Jachthaven Hollandia,2481 AS
Jachthaven IJsselzicht,8194 LE
Jachthaven it Soal,8711 GX
Jachthaven Jacobswoude,2481 KM
Jachthaven Juffermans B.V.,2361 KZ
Jachthaven Jutrijp,8623 XL
Jachthaven Kadoelenwerf V.O.F.,1035 PX
Jachthaven Kortenhoef B.V.,1241 NE
Jachthaven Lelystad-Haven,8244 PB
Jachthaven Lemmer,8531 HJ
Jachthaven Lemmer Binnen,8531 PB
Jachthaven Liesveld B.V.,2959 AT
Jachthaven Lockhorst,2361 JA
Jachthaven Lunegat,9291 MD
Jachthaven Manten B.V.,3612 AR
Jachthaven Meerzicht Midlaren,9475 TA
Jachthaven Meppel,7942 JS
Jachthaven Muyeveld,1231 LH
Jachthaven Naarden B.V.,1411 LV
Jachthaven Nauerna B.V.,1566 PA
Jachthaven Nieuwboer,3752 AE
Jachthaven Omtzigt B.V.,3645 CD
Jachthaven Otto B.V.,1431 AR
Jachthaven Oudenbosch B.V.,4731 LZ
Jachthaven Pieter Bouwe / De Klassieke Rederij,8611 JK
Jachthaven Poelgeest B.V.,2341 NT
Jachthaven Portofino,6245 SB
Jachthaven R.J.J. Flick,1431 AG
Jachthaven Schapenput,4655 TP
Jachthaven Scharloo B.V.,5165 NG
Jachthaven Schipluiden,2636 AJ
Jachthaven Spiegelzicht,1394 GR
Jachthaven Stenhuis V.O.F.,1431 AM
Jachthaven Strand Horst,3853 LB
Jachthaven Strijensas B.V.,3292 LD
Jachthaven Terneuzen B.V.,4531 EJ
Jachthaven van Wijk Woubrugge,2481 LA
Jachthaven Vos B.V.,8355 CL
Jachthaven Waterkant B.V.,4671 RN
Jachthaven Waterland Monnickendam B.V.,1141 GA
Jachthaven Wemeldinge B.V.,4424 BK
Jachthaven Wessem B.V.,6019 AA
Jachthaven Westerdijk,9264 TN
Jachthaven Wetterwille B.V.,1231 LV
Jachthaven Winkeloord B.V.,3645 AP
Jachthaven Zoetemelk,2375 NA
Jachthaven Zoutkamp / Lauwersoog,9301 PK
Jachthaven Zuidwesthoek B.V.,9752 XD
Jachthaven Zwartkruis B.V.,9257 DV
Jachthavenbedrijf Tineke Bakker,1095 KK
Jachtmakelaardij De Maas,5335 JK
Jachtmakelaardij Kappers,4797 SN
Jachtservice Breukelen B.V.,1231 LT
Jachtservice Jos den Teuling,8721 EN
Jachtservice Schokkerhaven B.V.,8308 PX
Jachtservice van der Veen,8624 TP
Jachtservice Willemstad B.V.,4797 SP
Jachttechniek Van der Pol,8715 JS
Jachtverhuurbedrijf Patrick Jansen,4691 TA
Jachtwerf & Jachtmakelaardij Serry B.V.,1231 LX
Jachtwerf Arie Wiegmans / Boatingworld Breukelen,3621 VB
Jachtwerf Atlantic B.V.,8861 VG
Jachtwerf B. de Groot,9001 ZJ
Jachtwerf Bendie V.O.F.,5433 NL
Jachtwerf Bloemsma B.V.,8754 HA
Jachtwerf Bootsma,8614 AR
Jachtwerf Brouwershaven,4318 CA
Jachtwerf D. Mulder B.V.,2382 AN
Jachtwerf De Boarnstream B.V.,9011 WJ
Jachtwerf De Boeier B.V.,1431 AW
Jachtwerf De Grevelingen B.V.,4322 AK
Jachtwerf De Haas,2516 BB
Jachtwerf De Hudson B.V.,3045 LS
Jachtwerf de Jong Joure,8501 ZA
Jachtwerf De Uitkijk,8651 NE
Jachtwerf Delta Breskens,4511 PA
Jachtwerf Faber,8711 HD
Jachtwerf Gebr. Vissers,5433 NM
Jachtwerf Heeg B.V.,8621 DV
Jachtwerf Heerlien & Adema VOF,8711 BR
Jachtwerf Koppers,1432 SB
Jachtwerf Maronier,8531 HJ
Jachtwerf Oost B.V.,8491 GB
Jachtwerf Rexwinkel Numansdorp,3281 LX
Jachtwerf Rhederlaag,6987 EC
Jachtwerf Statement Marine,1742 NB
Jachtwerf Staverno B.V.,1055 RV
Jachtwerf van der Laan,2481 KM
Jachtwerf van Dusseldorp B.V.,1231 LE
Jachtwerf Weesp B.V.,1382 LH
Jachtwerf/haven De Waag,2361 CC
Jack-Up Barge BV,3364 AD
Jaczon Atlantic Klipper B.V.,9728 JS
Jaczon Klipper Stream B.V.,9728 JS
Jaczon Royal Klipper B.V.,9728 JS
Jaguar Shipping C.V.,9936 GZ
Jan de Boer Catamarans B.V.,2223 BT
Jan Korteland Auto-Bootservice B.V.,2952 AK
Jansen Venneboer,8131 VZ
Jansma Jacht Almere B.V.,1361 AA
Jansma Jacht B.V.,8606 KC
JB Systems Industrial Automation BV,3131 HX
JFT Watersport,8606 KB
JH Watersport V.O.F.,4225 PH
Jo Tankers B.V.,3331 EE
JoGo Shipping B.V.,4877 AE
Johan Friso Bedrijvenpark,8721 EN
John T. Essberger B.V.,3316 BG
Johnson Controls Systems & Service BV,3300 AJ
Johnson Controls Systems & Service BV,3300 AJ
Joint Frost Shipping Company,9728 JS
Jongert B.V.,1771 MV
Jongert BV,1771 MV
Jongert BV,1771 MV
Jonkers Yachts B.V.,4322 AK
Joop de Schiffart W.S.B.,8493 LA
JR Ship Management B.V.,8861 NS
JSF Yachtservice B.V.,9263 PZ
JT Cement,9936 BH
Jumbo Offshore VOF,3115 HC
Jumbo Spirit B.V.,3115 HC
Jumbo Vision B.V.,3115 HC
JVG Watersport B.V.,1432 AH
JVR Consult International BV,3311 JG
K/S UL 676,9934 CK
K/S UL 677,9934 CK
K/S UL 678,9934 CK
Kaas Crew Services,3012 CA
Kahn Special Transport B.V.,3115 HC
Kalkman Scheepstechniek BV,2920 AA
Kalkman Scheepstechniek BV,2920 AA
Kampers Pumps & Service BV,3297 ZG
Kampers Pumps & Service BV,3297 ZG
Kamsma Service / Aluminiumjon.nl,1424 RS
Kapp Nederland BV,3311 BR
KCI BV,3125 AE
Keizer Yachts B.V.,8253 PH
Kelvin Hughes (Nederland) BV,3194 DE
Kelvin Hughes (Nederland) BV,3194 DE
Kempers Watersport,1431 GX
KENC Engineering BV,7575 EJ
Kenz Figee Group BV,1505 HE
Keppel Verolme BV,3197 KK
Keppel Verolme BV,3180 AA
Keppel Verolme BV,3180 AA
Kersten Europe BV,5861 AW
KG Wessem Beheer B.V.,6019 AA
Kiswire Europe BV,4201 HL
Kitty van der Kamp Design,6862 BT
Klaas Mulder Jachtbouw,1507 BR
Klaver Yachtpainting B.V.,8325 DB
Klerk Yacht Service V.O.F.,1671 GW
Klop Watersport B.V.,3372 BG
Knippels Yachting,5256 PL
Köco/K.S.M. Holland,2921 LC
Köco/K.S.M. Holland,2921 LC
Koers & Vaart BV,2994 BJ
Koers & Vaart BV,2994 BJ
Kolmer Elektromotoren BV,3881 LB
Kolmer Elektromotoren BV,3881 LB
Kon.Ver. Scheepsagenturen van Halverhout & Zwart & Zurmuhlen B.V.,1975 AG
Kongsberg Maritime Holland BV,3200 AV
Kongsberg Maritime Holland BV,3200 AV
Koninklijke Boogaerdt B.V.,2931 AG
Koninklijke De Vries Scheepsbouw B.V.,1432 AC
Koninklijke Nederlandse Redding Maatschappij,1976 CP
Koninklijke Scheepsagentuur Dirkzwager B.V.,3144 EG
Konutherm BV,8071 SE
Konutherm BV,8071 SE
Konutherm BV,8071 SE
Kooij Ship Operation,4697 PJ
Kooiman BV Gebr. Scheepswerf en Machinefabriek,3336 LE
Kooiman BV Gebr. Scheepswerf en Machinefabriek,3336 LE
Koole Engineering,7521 AG
Korea Trade Center/DSR Corp,1077 XX
Korver Watersport,3621 VC
KPMG Accountants NV,1186 DS
KPMG Meijburg & Co.,3065 WB
Kranendonk Production Systems BV,4000 HC
Kranendonk Production Systems BV,4000 HC
Krekt-Kossen Sailing BV,8624 TV
Kremer Nautic B.V.,8621 CZ
Krohne Nederland BV,3313 LC
Kruisdijk Nautics,1611 AP
KSO Empress,2371 TT
KTR Benelux BV,7550 AB
KTR Benelux BV,7550 AB
Kuehne + Nagel NV,3024 EA
Kuiper Plaatveredeling B.V.,7651 AX
Kuperus Watersport,8711 BA
Kuysten Watersport,5171 DR
Kwant Controls BV,8600 AA
Kwant Controls BV,8600 AA
"L.J. Boer Sliedrecht BV, Scheepswerf",3361 HJ
"L.J. Boer Sliedrecht BV, Scheepswerf",3361 HJ
Ladage Watersport,3039 MB
Land & Marine Innovations,1019 LB
Land & Marine Innovations,1019 LB
Langweerder Sloep B.V.,8525 GG
Lankhorst / Taselaar B.V.,8200 AM
Lankhorst Engineered Products BV,8607 AD
Lankhorst Ropes,8600 AE
Lankhorst Ropes,8600 AE
Layla Shipping BV,1811 CP
Le Belle Charters,1131 PM
Leak Consultancy,3316 GD
LEMANS Nederland BV,4600 AM
LEMANS Nederland BV,4600 AM
LEMTECH BV,1822 BK
LEMTECH BV,1822 BK
Lengers Yachts B.V.,1398 BB
Liamare Shipping B.V.,3738 VK
Liebherr Maritime Benelux BV,3800 BR
Liebherr Maritime Benelux BV,3800 BR
LifeStyle Yachting B.V.,8493 RG
Lift Emotion Offshore & industry B.V.,7942 LC
Lift Emotion Offshore & industry B.V.,7942 LC
Lima Watersport,5141 JW
Linde Lloyd B.V.,1645 TB
Linssen Yachts B.V.,6051 AA
LKL Oceantrade BV,3115 JE
Lloyd's Register EMEA,3062 MB
Lloyd's Register EMEA Marine,3000 AS
Lloyd's Register EMEA Marine,3000 AS
Lloyd's Register Energy-Drilling BV,4353 JA
Lloyds Register EMEA,3062 MB
Loedeman Jachtbouw,8081 HB
Loenen Repairs BV,3100 AN
Loenen Repairs BV,3100 AN
Loggers BV,3300 AD
Loggers BV,3300 AD
Logic Vision BV,3370 AB
Logic Vision BV,3370 AB
LongIsland Shipyards B.V.,1432 AH
Lowland Marine & Offshore,2153 PH
Lowland Marine & Offshore BV,2153 PH
Lowland Yachts,2382 AL
Loyal Insurance Brokers B.V.,9718 AS
Loyens & Loeff N.V.,1076 ED
Ltd Partnership Goa & Ridhi C.V.,2993 LV
Lubbers Transport Group,7761 RA
Luteijn Machines & Marine Engines,4571 CB
Luyt Groep BV,1779 ZG
Luyt Groep BV,1779 ZG
M Restart BV,3016 BM
M.A.R.C.  van de Poel,6831 AJ
M.I.M. B.V.,3224 AT
m.s. Crownbreeze II C.V. c/o Crownbreeze Shipping II B.V.,3335 LR
m.s. Thea Marieke C.V. c/o Thea M. Shipping B.V.,3335 LR
Maasborg C.V.,9934 CK
"Maasbracht NV, Scheepswerf en Machinefabriek",6050 AA
"Maasbracht NV, Scheepswerf en Machinefabriek",6050 AA
Maaskant Shipyards,3250 AA
Maaskant Shipyards,3250 AA
Maats BV,7471 ST
Machine-& Lierenfabriek C. Kraaijeveld BV,3361 HJ
Machine-& Lierenfabriek C. Kraaijeveld BV,3361 HJ
Machinefabriek Börger BV,9600 AG
Machinefabriek Börger BV,9600 AG
Machinefabriek Heerbaart BV,7559 SE
Machinefabriek L. Straatman,3330 AD
Machinefabriek L. Straatman,3330 AD
Maes Staudt Advocaten N.V.,5641 TD
Mammoet Global BV,3115 JD
Mammoet Holding BV,3115 JD
Mampaey Offshore Industries BV,3300 AR
Mampaey Offshore Industries BV,3300 AR
Man Diesel & Turbo Benelux BV,3125 KJ
Man Diesel & Turbo Benelux BV,3125 KJ
Management Strategen,7475 TT
Maprom Engineering BV,3316 GP
Maprom Engineering BV,3316 GP
Maran Jachtverhuur B.V.,8542 AJ
Marble Automation B.V.,8321 MH
Marble Automation BV,8321 MH
Marble Automation BV,8321 MH
Marc Kleinhuis Boottechniek,9207 BC
Mare Shipping I B.V.,9936 GZ
Marfaam Visser Shipping C.V.,8602 JX
Marflex BV,3261 LZ
Marin,6708 PM
MARIN (Maritime Research Institute Netherlands),6700 AA
MARIN (Maritime Research Institute Netherlands),6700 AA
MARIN Maritiem Research Instituut Nederland,6708 PM
Marina Cape Helius Exploitatie B.V.,3221 LZ
Marina Den Oever B.V.,1771 MJ
Marina Friesland,8722 HP
Marina Hellevoetsluis B.V.,3221 AW
Marina Makkum,8754 GK
Marina Monnickendam,1141 AV
Marina Muiderzand B.V.,1361 AA
Marina Numansdorp B.V.,3281 LX
Marina Port Zélande,3253 ME
Marina Resort Poort van Amsterdam B.V.,1154 PP
Marina Rijnsburg B.V.,2231 NX
Marina Schokkerstrand B.V.,8308 PX
Marina Seaport IJmuiden,1976 EM
Marina Stavoren B.V.,8715 ET
Marina Stellendam B.V.,3251 LC
Marina Veere B.V.,4351 RD
Marina Volendam B.V.,1131 PW
Marina Yacht Service B.V.,4493 NR
Marine Engineering Star BV,2907 LA
Marine Engineering Star BV,2907 LA
Marine Propulsion B.V.,8321 KC
Marine Service Holding B.V.,9600 AC
Marine Service Holding B.V.,9600 AC
Maris BV,2273 JJ
Mariteam Shipyard B.V.,4697 BC
Maritiem Centrum Barendrecht B.V.,2991 SB
Maritiem Service Yerseke B.V.,4401 NM
Maritieme Academie IJmuiden,1975 BA
Maritieme Service Makkum B.V.,8754 HE
Maritima Green Technology,7940 AC
Maritima Green Technology,7940 AC
Maritime Human Resources B.V.,3088 HH
Marlow Navigation Netherlands B.V.,3016 DL
Marneborg B.V.,9934 CK
Marotechniek BV,7207 BT
Marotechniek BV,7207 BT
Marquip B.V.,2952 AT
Marsh B.V.,3013 AP
MasterShip Software BV,5653 LD
MasterShip Software BV,5653 LD
Mastervolt B.V.,1105 AN
Matecs BV,4705 AG
Matecs BV,4705 AG
MATN'S Stabilizers,9298 RE
MATN'S Stabilizers,9298 RE
MaxxMarine B.V. / Zarro,9035 AV
Mazars Paardekooper Hoffman N.V.,3016 CA
Mazer Yachting B.V.,1231 LM
Mechanische Industrie Menzing,7482 GZ
Meerzicht Jachthaven/Werf,1081 KD
Meetrix,1601 MH
Mega Diving B.V.,4703 SZ
Menken Maritiem B.V.,2461 ET
Mercon Steel Structures BV,4202 LN
Merrem & la Porte BV,5300 AB
Merrem & la Porte BV,5300 AB
Merweriver C.V.,4251 NK
Messink Yachting,1601 GD
Metagro -Metaalbouw Groot,2964 LE
Meteo Consult BV,6708 PV
MeteoGroup,6700 AP
MeteoGroup,6700 AP
MF Shipping Group,9936 BH
MHF Contracting BV,3251 LZ
Miedema Nautic B.V.,8923 CK
Ministerie van Defensie,2500 ES
Ministerie van Defensie,2500 ES
Minks Kunststoftechniek BV,1970 AE
Minks Kunststoftechniek BV,1970 AE
MK Centennial Maritime B.V.,1077 XV
MKB Machinefabriek,3045 PD
MME Group,2980 GE
MME Group,2980 GE
MNE Alubouw,3641 RP
Moana Shipping C.V.,3352 BL
Modus Marine Shipcenter,8243 RC
Mokveld Valves BV,2802 AJ
Molecaten,8051 PN
Molenaar Strategie BV,3723 BG
Molenaar Strategie BV,3723 BG
Moonen Shipyards B.V.,5222 BP
Motion Yachts B.V.,7021 LR
Motrac Hydraulics,7200 AA
Motrac Hydraulics,7200 AA
Mous Jachtservice B.V.,8574 WB
MPHolland BV International Freight Forwarders,1118 LB
MRC Transmark,2740 AJ
MRC Transmark,2740 AJ
MT International,3207 ZD
MT International,3207 ZD
MT Ouse B.V.,9698 BN
MT Silver Freya,9936 BH
MT Silver Kenna,9936 BH
MT Trent B.V.,9698 BN
MTC International,1033 SM
MTI Holland BV,2961 AW
MTU Benelux,3300 AC
MTU Benelux,3300 AC
Muco Technologies B.V.,8243 PT
Mulder Yachtservice,4301 RC
Multimetaal Constructie BV,1786 PD
Multiship Holland Handling B.V.,8861 VA
Multraship Towage & Salvage,4531 EH
Mys Medemblik B.V.,1671 GD
N-Sea,4301 RS
N-Sea,4300 AE
N.J. Betimmeringen,2678 MB
N.R. Koeling bv,2920 AB
N.R. Koeling bv,2920 AB
Naiad Dynamics Holland B.V.,6222 NZ
NAK Nederlands Adviesbureau Kleinehandelsvaart,3299 WK
Nano-coat Marine B.V.,8606 JC
Nausch Hogan & Murray Europe,3062 MB
Nauta Maritiem,2382 AL
"NautaDutilh N.V. Advocaten, Notarissen, Belastingadviseurs",3014 DA
Nautical Services Heusden B.V.,5256 PL
Nautical Technical Training Academy NTTA,9743 AK
Nautiek Vaaropleidingen,1019 CZ
Nautisch Advies Bureau De Zeeuw,8861 VN
Nautisch Centrum Delfzijl,9936 EZ
Nautisch Centrum Scheveningen,2583 JZ
Nautisch Kwartier Stavoren B.V.,8715 HT
Navikon Engineering Ltd,3202 HE
Navikon Engineering Ltd,3202 HE
Navingo B.V.,3072 AR
Navingo BV,3072 AR
Navingo BV,3072 AR
Navingo BV,3072 AR
Navis Yachts,7241 VV
Ned Marine Services BV,2984 AN
Ned Marine Services BV,2984 AN
Nederlands Instituut voor Lastechniek,2700 AD
Nederlands Instituut voor Lastechniek,2700 AD
Nederlands Loodswezen B.V.,3151 HB
Nederlandse Aardolie Maatschappij BV,9405 TA
Nedyacht,9101 NS
Nemad Divequipment,3125 BD
Neptune Marine Services B.V.,3372 BW
Neptune Marine Shipbuilding B.V.,5308 JH
Neptune Marine Shiprepair B.V.,5308 JH
Neptune Shipyards BV,3372 BW
Neptune Shipyards BV,3372 BW
Neptune Zit-en Slaapcomfort,1681 PA
NESEC Financieringen B.V.,3016 BM
Nesec Scheepsfinancieringen,3016 BM
Nesec Scheepsfinancieringen,3016 BM
Netherlands Maritime Technology BV,3011 XB
Netwave Systems BV,2718 SJ
Netwave Systems BV,2718 SJ
Nevesbu BV,2952 BG
New Cosmos -BIE,1704 SG
NewDealSeals BV,1749 ZG
NewDealSeals BV,1749 ZG
Newpoint Yachting,4794 SN
Newthex Ned BV,9611 TH
Newthex Ned BV,9611 TH
Nexans Nederland BV,3004 EJ
Nexans Nederland BV,3004 EJ
NHL Maritiem Simulator Training Centrum,8880 AA
Nicoverken Holland BV,3125 BS
Nicoverken Holland BV,3125 BS
Nieland BV,8900 CC
Nieland BV,8900 CC
"Niestern Sander BV, Koninklijke",9930 AC
"Niestern Sander BV, Koninklijke",9930 AC
Nieuwe Leeuwarder Jachthaven,8937 AM
Nieuwenhuijsen Geertruidenberg BV,4930 AA
Nieuwenhuijsen Geertruidenberg BV,4930 AA
Nijhuis Pompen BV,7100 AC
Nijhuis Pompen BV,7100 AC
Nile Dutch Africa Line B.V.,3012 KG
Nimag B.V.,4131 NH
NIOZ -Texel,1797 SZ
Niron Staal Amsterdam BV,1033 SG
Njord Shipping B.V.,8607 GX
No Limit Ships B.V.,9743 AD
Noël Nautique B.V.,8525 GG
Noest Shipping C.V.,8602 JX
Nofa & Marsac International BV,3115 JG
Nofa & Marsac International BV,3115 JG
Nooitgedagt Yachtpainting,8606 KA
Noord Nederlandse Assurantie Makelaars B.V.,9723 TM
Noord Nederlandse P&I Club,9752 CH
Noordelijke Hogeschool Leeuwarden,8913 HB
Noordwijk Ocean Services B.V.,2201 AA
Northrop Grumman Sperry Marine BV,3130 AG
Northrop Grumman Sperry Marine BV,3130 AG
Northshore Yachts Holland,5317 KX
Nova Bretagne Shipping Company B.V.,9728 JS
Nova Florida Shipping Company B.V.,9728 JS
Nova Sea Transport,4696 CM
Nova Yachting Brokerage BV,4311 NC
Nova Yachting International B.V.,4311 NC
Novanta Yachtservice BV,3072 BD
NPS Diesel B.V.,5371 MK
"NRF, Nederlandse Radiateuren Fabriek B.V.",5450 AA
"NRF, Nederlandse Radiateuren Fabriek B.V.",5450 AA
NRG (Nuclear Research & Consultancy Group),1755 LE
Numeriek Centrum Groningen,9700 AE
Numeriek Centrum Groningen,9700 AE
O.N.J. Motor Launches & Workboats,1382 LJ
Observator Instruments,2980 AB
Observator Instruments,2980 AB
Ocean Trans International BV,3088 GB
Ocean Trans International BV,3088 GB
Oceanco,2950 AA
Oceanco,2950 AA
Oceanco Yachts,2952 BX
Oceanpeople Yachts B.V.,3249 BZ
Oceanteam Shipping BV,1016 BE
Oceanwide Marine Services B.V.,4382 ZA
Oceanwide Netherlands B.V.,4381 CG
Oceanwide Offshore Services BV,1786 PP
OceanWind BV,1016 BE
Oesterhaven B.V.,4471 NG
Offshore Independents BV,2908 LP
Offshore Marine Contractors BV,7906 BT
Offshore Ship Designers BV,1975 AG
Offshore Ship Designers BV,1975 AG
Offshore Ship Designers BV,1975 AG
Oirschot Olie BV,5688 DP
Oksewiel TWS,8493 LP
Olaf van Heusden Jachthaven,3621 VC
"Oliveira Hydro, Marine & Shipping",6650 AC
"Oliveira Hydro, Marine & Shipping",6650 AC
Oliveira International Group,6651 KN
Olympia Charters,2361 KZ
Omtzigt Watersport B.V.,2172 HV
On-Deck B.V.,2156 MX
Onstream International BV,2266 KA
Onstream Project Services BV,1785 AA
Ontwikkelings-en Exploitatiemaatschappij Willemsoord B.V.,1781 AS
Oome Boten-Motoren Service,4924 BC
Oostwatering Veere Jachtwerf BV,4351 RT
OPRA Turbines,7554 TS
Orangefield Group,1043 EJ
Oranjewerf Scheepsreparatie BV,1030 AB
Oranjewerf Scheepsreparatie BV,1030 AB
Orlaco Products BV,3770 AD
Orlaco Products BV,3770 AD
Ottenhome B.V.,1241 NC
Ottenhome Heeg B.V.,8621 CZ
"Otterspeer, Haasnoot & Partners",3016 AB
Outlaw Lounge Boats B.V.,2361 KV
Outsource-IT Management,3207 ZH
Outsource-IT Management,3207 ZH
Overboard Yacht Solutions V.O.F.,2628 EE
Overwijk Jachtbemiddeling,8409 CS
P & O Ferries Holdings Ltd.,3198 LG
P. Valk Yachts B.V.,8801 VW
Pacific Diving B.V.,2811 NV
"Padmos Stellendam BV, Dokmaatschappij",3250 AA
"Padmos Stellendam BV, Dokmaatschappij",3250 AA
Panorama Jachtcharter B.V.,8064 PB
Paragon Offshore (Nederland) BV,1948 NM
Parker Hannifin BV,7575 AT
Parker Twin Filter BV,1505 HE
PAS Publicaties,1761 JS
Paz Navigator Shipping Company C.V.,8448 JB
Pean,8494 NB
PECO Select Fasteners BV,2661 DC
Pedemex,5103 BB
Pedro-Boat,9636 BT
Pepper Jachtservice,1601 EV
Persoon Jachthavenbedrijf,1431 AG
Peter Schouten,2811 EP
Peterson,1781 AN
Petrofac Training Services BV,2321 JV
Petrogas Gas Systems BV,2803 PW
PetroQuip BV,2597 CS
Pharos Engineering BV,4382 NV
Pharos Engineering BV,4382 NV
Phoenix Vibration Controls BV,3250 AA
Phoenix Vibration Controls BV,3250 AA
Piet Brouwer Elektrotechniek B.V.,8321 MC
Pinta Nieuwburg B.V.,2984 AM
Pipelife Nederland BV,1601 MA
PlatformBrokers BV,7361 TS
Pleuger Water Solutions BV,5626 DC
Plevier Watersport,3602 AP
PNS Services BV,7825 AL
Poelmans Road & Marine,5371 PJ
Poly-Service B.V.,2913 LV
Pon Power BV,3356 LE
Pon Power BV,3350 AB
Pon Power BV,3350 AB
Port of Den Helder,1781 AD
Port of Rotterdam,3029 AD
Post & Co. (P&I) B.V.,3062 MA
Power-Packer Europa BV,7570 AH
Power-Packer Europa BV,7570 AH
PPG Protective & Marine Coatings,1420 AA
PPG Protective & Marine Coatings,1420 AA
Praxis Automation Technology,2352 AB
Praxis Automation Technology,2352 AB
PricewaterhouseCoopers Belastingadviseurs NV,3065 WB
Pride of Sneek B.V.,8600 AH
Princess Yachts Benelux BV,5256 PL
Prins Watersport B.V.,3861 SN
Privateer Yachts Uitwellingerga,8624 HW
PRO NAUTAS BV,2991 ZC
PRO NAUTAS BV,2991 ZC
Proboot Import B.V.,8606 KC
Productie Zeezand B.V.,4421 EW
Professional Boat Care B.V.,1231 LM
Profion,2713 HX
Promac BV,5300 AA
Promac BV,5300 AA
Provoost Maritiem,4382 ZG
PWC Accountants N.V.,9702 KB
QSail,1171 NV
Quercus Beheer BV,8013 RV
Quintessence Yachts B.V.,1182 AL
Quist Maritime Services,3134 LZ
Quist Maritime Services,3134 GH
Quist Maritime Services,3134 GH
R. Bonestroo Bootmotoren,3846 BS
Rabobank International Corporate Clients Netherlands,3521 CB
Rabobank Shipping,3004 AA
Radio Zeeland DMP B.V.,4538 AG
Rake Rigging B.V.,1671 GD
Ramspol V.o.F.,3343 CB
Raske & Van der Meyde V.O.F.,1713 GL
Raymarine BeNeLux,6883 JN
RB Service,8531 XN
Recontec BV,3316 GD
Recreatie Centrum Mijnden,1231 AZ
Recreatiecentrum Zwartewater,8064 GE
Recreatiecomplex de Lithse Ham,5397 GL
Recreatiepark De Veerstal,6988 BM
Rederi AB Lillgaard,8444 AC
Rederi AB Lillgaard,2987 VD
Rederij Alice,9936 BH
Rederij Bark Europa B.V.,3001 KD
Rederij CFL Penhar,9712 AC
Rederij Clipper Stad Amsterdam,1112 TC
Rederij Fiorano,4251 NM
Rederij Germa C.V.,4251 NK
Rederij Helge,9936 BH
Rederij Jetstream,4251 NM
Rederij K&T Holland C.V. I,9936 BH
Rederij K&T Holland C.V. II,9936 BH
Rederij K&T Holland C.V. III,9936 BH
Rederij K&T Holland C.V. IV,9936 BH
Rederij K&T Holland C.V. IX,9936 BH
Rederij K&T Holland C.V. V,9936 BH
Rederij K&T Holland C.V. VI,9936 BH
Rederij K&T Holland C.V. VII,9936 BH
Rederij K&T Holland C.V. VIII,9936 BH
Rederij K&T Holland C.V. X,9936 BH
Rederij K&T Holland C.V. XI,9936 BH
Rederij Kinne,9936 BH
Rederij Rio-Sal,2923 AT
Rederij Thun Galaxy,9936 BH
Rederij Thun Gratitude,9936 BH
Rederij Van der Meijden,3738 CB
Rederij Van Dijk,9431 MS
Rederij Vanquish,4251 NM
Rederij Vestanhav,9936 BH
Rederij Wanmar,2994 DC
Redersvereniging voor de Zeevisserij,2288 EH
RedWave BV,1948 NA
Redwise Maritime Services B.V.,3751 LK
Redwise Maritime Services BV,3751 LK
Redwise Maritime Services BV,3751 LK
Redwise Maritime Services BV,3751 LK
Reekers Watersportbedrijf,8551 ML
Reestborg Beheer B.V.,9934 CK
Regatta Center Medemblik B.V.,1671 SG
Rekreatiepark Aalsmeer,1431 AJ
REMAT BV,4817 ME
REMAT BV,4817 ME
Rentokil Hygiëne,5222 AT
Rentokil Hygiëne,5222 AT
Resato International BV,9301 LK
Resort Marina Oolderhuuske,6041 TR
RESQ Consultancy,3961 MJ
Rhebergen Multihull Yachts B.V.,1033 WB
Ribowa Bootservice V.O.F.,3313 LA
Ridderinkhof BV,8061 RB
Rien van den Broeke Village,1231 LE
Rijkswaterstaat Rijksrederij,2596 AA
RINGSPANN Benelux BV,7472 DE
RINGSPANN Benelux BV,7472 DE
Rivéra Nautic waterrecreatie,8621 CZ
RKO Jachttechniek,6707 JJ
RNG Diving Services,4891 NA
Rob Krijgsman Watersport,4924 BA
ROC Kop van Noord-Holland,1781 XC
"ROC Kop van Noord-Holland, sector Techniek",1780 AG
"ROC Kop van Noord-Holland, sector Techniek",1780 AG
Roco Yachting VOF,2461 GR
Rodelta Pumps International BV,7552 CM
Roelofunderweis,8713 JG
Roemeg BV,5150 AD
Roemeg BV,5150 AD
Rolldock Shipping B.V.,2909 VA
Rolls-Royce Marine Benelux BV,3195 HV
Rolls-Royce Marine Benelux BV,3195 HV
Rondal B.V.,8325 PA
Roodberg,8449 BA
Roompot Recreatie B.V. 01025,4493 PH
Rosch Marine,1544 CZ
Rotgans Scheepsadviesbureau,1747 EE
Rotor BV,7150 AA
Rotor BV,7150 AA
Rotortug,3011 XE
Rotortug,3011 XE
Rotterdam Offshore Group,3087 CC
Rotterdam Offshore Group,3087 CC
Rovo Bureau voor Jachtverkoop,1747 EE
Roxtec BV,3840 AK
Roxtec BV,3840 AK
Royal Bodewes,9600 AA
Royal Bodewes,9600 AA
Royal Haskoning DHV BV,1096 ED
Royal Huisman Shipyard B.V.,8325 PA
Royal IHC  Offshore Division,2920 AE
Royal IHC  Offshore Division,2920 AE
Royal Roos BV,3024 EZ
Royal Roos BV,3024 EZ
Royal Van Lent Shipyards,2159 LA
RPS advies-en ingenieursbureau B.V.,2628 XG
RR Holland BV,4900 AG
RR Holland BV,4900 AG
RS Technics BV,9300 AG
RS Technics BV,9300 AG
Rubber Design BV,2995 ZG
Rubber Design BV,2995 ZG
Ruimzicht Jachthaven,3621 AZ
Rumar Elektro,5305 EG
Runaway Bay Shipping Company B.V.,9728 JS
Rush Offshore Services BV,1671 NT
Ruysch Technical-Agencies Holland BV,3295 KH
Ruysch Technical-Agencies Holland BV,3295 KH
Safety Case,8223 EE
Safety.nl / Arbo Inspectie Dienst BV,9609 PA
Saffier Maritiem B.V.,1976 BW
Sail Charter Friesland,8939 CA
Sail Charter Stavoren,8715 JZ
Sail-A,8626 GD
Sailcentre Makkum,8754 HE
Sailcharter Lemmer V.O.F.,8556 AM
Sailcollege Zeilschool & Bootverhuur,4493 CX
Sailing Point VOF,8493 RG
SailSelect Zeilmakerij,1154 PS
SAIO Safety Training,3089 KP
Saltra Chartering and Agencies B.V.,3161 GR
SAM Electronics Nederland BV,3008 AC
SAM Electronics Nederland BV,3008 AC
Sam Shipping V.o.F.,3351 AG
Sanitas Milieukundig Adviesbureau B.V.,2991 LK
Sanzi Yacht Charter,8606 KC
SARC BV,1404 GA
SARC BV,1404 GA
SAS Offshore BV,2404 CB
SAS Winches BV,2404 CB
SASTECH,6988 CM
SASTECH,6988 CM
SBM Offshore BV,3115 JD
Schaap Ship Care B.V.,8243 PD
Scheeps en Jachttimmerbedrijf De Flux,8321 MH
Scheepsafbouwbedrijf Hasselt BV,8060 AA
Scheepsafbouwbedrijf Hasselt BV,8060 AA
Scheepsbouwkundig Bureau Herman Jansen B.V.,1141 GK
Scheepsbouwkundig Bureau Herman Jansen BV,1141 GK
Scheepsbouwkundig Bureau Herman Jansen BV,1141 GK
Scheepsmakelaardij Enkhuizen,1601 KX
Scheepswerf Balk-Urk B.V.,8321 KC
Scheepswerf De Donge,4460 AE
Scheepswerf De Donge,4460 AE
Scheepswerf De Hoop Foxhol BV,9600 AC
Scheepswerf De Hoop Foxhol BV,9600 AC
Scheepswerf De Klop,3554 HV
Scheepswerf De Nieuwe Wetering,3631 NA
Scheepswerf Hoebée BV,3300 AG
Scheepswerf Hoebée BV,3300 AG
Scheepswerf M. van Duivendijk,4691 BB
Scheepswerf Reimerswaal BV,4417 ZG
Scheepswerf Reimerswaal BV,4417 ZG
Scheepswerf Welgelegen Lauwersoog BV,9976 VN
Scheepswerf Welgelegen Lauwersoog BV,9976 VN
Scheepswerven Nicolaas Witsen,1821 BW
Scheepvaart Groningen B.V.,9751 SL
Scheepvaart Onderneming Tharsis C.V.,9932 GM
Scheepvaartbedrijf Amasus 2 C.V.,9936 GZ
Scheepvaartbedrijf m.s. Amasus 1 C.V.,9930 AG
Scheepvaartbedrijf m.s. Amasus 3 C.V.,9936 GZ
Scheepvaartbedrijf Schot C.V.,2922 BE
Scheepvaartbedrijf Van Dam,9936 GA
Scheepvaartbedrijf Willeke,3332 KD
Scheepvaartmaatschappij Coral Carbonic B.V.,3016 BE
Scheepvaartmaatschappij Coral Lophelia B.V.,3016 BE
Scheepvaartmaatschappij Coral Meandra B.V.,3016 BE
Scheepvaartmaatschappij Coral Millepora B.V.,3016 BE
Scheepvaartmaatschappij Coral Obelia B.V.,3016 BE
Scheepvaartmaatschappij Coral Rigida B.V.,3016 BE
Scheepvaartmaatschappij Coral Rubrum B.V.,3016 BE
Scheepvaartmaatschappij Stella V.o.F.,3101 EB
Scheepvaartonderneming Adriaticborg B.V.,9934 CK
Scheepvaartonderneming Africaborg B.V.,9934 CK
Scheepvaartonderneming Albanyborg B.V.,9934 CK
Scheepvaartonderneming Alma C.V.,8444 AC
Scheepvaartonderneming Aludra CV,9528 RL
Scheepvaartonderneming Americaborg B.V.,9934 CL
Scheepvaartonderneming Andesborg B.V.,9934 CK
Scheepvaartonderneming Anja II C.V.,8444 AC
Scheepvaartonderneming Aragonborg B.V.,9934 CK
Scheepvaartonderneming Arubaborg B.V.,9934 CK
Scheepvaartonderneming Asiaborg B.V.,9934 CK
Scheepvaartonderneming Australiaborg B.V.,9934 CK
Scheepvaartonderneming Azoresborg B.V.,9934 CK
Scheepvaartonderneming Beatrix B.V.,9934 CK
Scheepvaartonderneming Dintelborg B.V.,9934 CK
Scheepvaartonderneming Dongeborg B.V.,9934 CK
Scheepvaartonderneming Ebroborg B.V.,9934 CK
Scheepvaartonderneming Edenborg B.V.,9934 CK
Scheepvaartonderneming Eemsborg B.V.,9934 CK
Scheepvaartonderneming Elisabeth C.V.,8444 AC
Scheepvaartonderneming Erieborg B.V.,9934 CK
Scheepvaartonderneming Fenja II C.V.,8444 AB
Scheepvaartonderneming Finnborg B.V.,9934 CK
Scheepvaartonderneming Fivelborg B.V.,9934 CK
Scheepvaartonderneming Flevoborg B.V.,9934 CK
Scheepvaartonderneming Fraserborg B.V.,9934 CK
Scheepvaartonderneming Freya C.V.,8444 AC
Scheepvaartonderneming Frisian Sea C.V.,8602 JX
Scheepvaartonderneming Frisian Solitaire C.V.,8602 JX
Scheepvaartonderneming Frisian Sovereign CV,8600 AJ
Scheepvaartonderneming Frisian Summer C.V.,8602 JX
Scheepvaartonderneming Frisiana II C.V.,8602 JX
Scheepvaartonderneming Gretina C.V.,8444 AC
Scheepvaartonderneming Harns C.V.,8861 NS
"Scheepvaartonderneming Hudsonborg B.V,",9934 CK
Scheepvaartonderneming Humberborg B.V.,9934 CK
Scheepvaartonderneming Hunteborg B.V.,9934 CK
Scheepvaartonderneming Hydra,9791 LV
Scheepvaartonderneming Ideaal C.V.,9936 GZ
Scheepvaartonderneming J.A. Koot,7700 AA
Scheepvaartonderneming Laganborg B.V.,9934 CK
Scheepvaartonderneming Lauwersborg B.V.,9934 CK
Scheepvaartonderneming Lingeborg B.V.,9934 CL
Scheepvaartonderneming Loireborg B.V.,9934 CL
Scheepvaartonderneming m.s. Aspen C.V.,9936 BH
Scheepvaartonderneming Maaike C.V.,8444 AC
Scheepvaartonderneming Mississippiborg B.V.,9934 CK
Scheepvaartonderneming Morsum C.V.,9671 CA
Scheepvaartonderneming ms Frisian Lady II C.V.,8602 JX
Scheepvaartonderneming ms Frisian Spring C.V.,8602 JX
Scheepvaartonderneming Skagern C.V.,9936 BH
Scheepvaartonderneming Stade C.V.,9672 BN
Scheepvaartonderneming Texel C.V.,8861 NS
Scheepvaartonderneming Tina II C.V.,8444 AC
Scheepvaartonderneming Tinnum C.V.,9671 CA
Scheepvaartonderneming Tjonger C.V.,9934 PV
Scheepvaartonderneming Wenningstedt C.V.,9671 CA
Schellens Maritiem,5521 DK
Scherpel Jachtwerf B.V.,1231 LR
Schilder-en Spuitwerken Alex Bruintjes,8325 DE
Schildersbedrijf H. Bok B.V.,5145 PD
Schlumberger Petroleum Services CV,1976 BM
Schottel Nederland BV,2700 AL
Schottel Nederland BV,2700 AL
Schram Shipping,5571 CV
Schuitfactory,1771 RW
Scuba Center Amsterdam,1073 NB
ScubaXperience,6545 AT
Sea Independent B.V.,1621 BW
Sea Mar Shipping B.V.,1781 AL
Sea Mar Subsea B.V.,1781 AL
Sea Rescue Gear BV,2254 AJ
Sea Trucks Group,3013 AA
Sea2Cradle B.V.,3011 VD
Seacontractors,4331 LC
Seafury,2223 KD
SeaMar Services BV,1781 AL
Seaparts B.V.,9611 TH
Seaparts B.V.,9611 TH
Seaport Sailing Yachts B.V.,1976 ES
Seas,3251 LZ
Seatools BV,3281 NC
Seaway Heavy Lifting,2719 ER
SeaWorks BV,3832 RC
Selene Yachts,8938 BG
Selmers BV,1948 RJ
Sergem BV,2495 AL
Shannon Shipping B.V.,9930 AG
Ship Install B.V.,5256 PL
Ship's Equipment Centre Groningen (SEC),9700 GA
Ship's Equipment Centre Groningen (SEC),9700 GA
Shipdock BV,1030 AE
Shipdock BV,1030 AE
Shipkits BV,9700 AE
Shipkits BV,9700 AE
Shipyard De Hoop,6916 ZG
Shipyard De Hoop,6916 ZG
SHL Offshore Contractors B.V.,2719 ER
Shoalbuster Baloe Expoitatie B.V.,3333 GC
Sick Instruments Benelux BV,5321 JE
Siemens Industrial Turbomachinery BV,7553 LL
Siemens Nederland NV,2595 BN
Siemens Nederland NV,2500 BB
Siemens Nederland NV,2500 BB
Siemens PLM Software BV,5215 MV
Sierra Lara Shipping Company B.V.,9728 JS
Sierra Maritiem B.V.,8271 EK
SIF Group BV,6041 TA
Sima Charters B.V.,3155 AK
Sinus Jevi Electric Heating BV,1671 GC
SIP Marine BV,5151 RW
SIP Marine BV,5151 RW
Siqura BV,2801 DD
Siri Marine BV,9901 CP
SKF Solution Factory -Marine Services,2980 AH
SKF Solution Factory -Marine Services,2980 AH
Skips Maritiem B.V.,8715 ET
Skips Yachting B.V.,8715 ET
Skipshandel Stavoren,8715 ET
Sky-Access BV,6231 NC
Slavenburg & Huyser BV,3011 BM
Sleepvaartbedrijf Viegers & Zn. B.V.,1619 DM
Slikkendam Watersport B.V.,3652 MD
"Slob BV, Scheepswerf",3350 CC
"Slob BV, Scheepswerf",3350 CC
Sloepned Watersport Balk,8561 AW
Smallegange N.V.,3072 AP
Smart Boats,3848 CH
Smit Vessel Management Services,3356 LK
Smits Neuchâtel Marine Department BV,3503 RG
Smits Neuchâtel Marine Department BV,3503 RG
Smitsvonk Holland BV,2718 RC
SMST,9200 AN
SMST,9200 AN
SMST Designers & Constructors BV,9206 AX
Smulders Projects BV,5708 HZ
Snoek Jachtbetimmering B.V.,4924 BW
Soetemeer Fekkes Cargadoorskantoor B.V.,3331 MB
SOGOS Consultants BV,7901 TA
SOMA Bedrijfsopleidingen,3847 LG
Soottech BV,7500 AA
Soottech BV,7500 AA
Souldivers V.O.F.,3014 CG
Specialised Tanker Services,1042 BB
Specialised Tanker Services,1042 BB
Speedline Sales & Charter,8441 RC
Sperre Rotterdam BV,2980 AJ
Sperre Rotterdam BV,2980 AJ
Spie Nederland BV,4815 PN
Spliethoff Beheer B.V.,1042 AA
Spliethoff Transport BV,1042 AA
SPM Instrument BV,5151 DJ
Spoker B.V.,4305 RA
Sprinter Shipping C.V.,4251 DV
SPT Offshore,3447 GG
SPX Flow Technology Assen BV -Johnson Pump brand,9400 AA
SPX Flow Technology Assen BV -Johnson Pump brand,9400 AA
ST Marine Support,8861 CD
Staco Europe BV,5150 AD
Staco Europe BV,5150 AD
Stadhavens Medemblik B.V.,1671 HM
Stapert Watersport en Jachtbouw,9264 TW
STAR Oil Gas Power,4782 PM
Statendam Steel Plates,4900 AL
Statendam Steel Plates,4900 AL
Staveren Sales B.V.,8715 EP
STC -KNRM Offshore,3089 KP
STC BV,3024 EA
STC BV,3002 JC
STC BV,3002 JC
STC-Group Holding B.V.,3024 EA
Steeler Yachts B.V.,8331 TL
Steelhaven B.V.,6041 KG
Steenstra Shipping,8281 MR
Steigerstad,1521 PW
Stemar Engineering BV,1822 BJ
Stemat B.V.,3089 KP
Stemat BV,3089 KP
Stena Line  B.V.,3151 HS
Sterkenburg Yachting B.V.,4924 BA
Stichting Bewaarder CFL Proud,9712 AC
Stichting Jachthaven Andijk,1619 JW
Stichting Jachthaven en Camping De Helling,4101 AE
Stichting Jachthaven Huizen,1271 AL
Stichting Jachthaven Medemblik,1671 CH
Stichting Passantenhaven Terschelling,8881 GD
Stichting Zeilschip Eendracht.,3024 EA
Stoeten Motorjachten,8531 XJ
Stolt Tankers B.V.,3016 CK
Stoop Jacht-& Interieurbouw,1601 MR
Stork Technical Services Holding BV,3528 AG
Stormer Marine B.V.,1021 KB
Straaltechniek International BV,4900 AD
Straaltechniek International BV,4900 AD
Stratos,2500 GA
Stratos,2500 GA
Struik & Hamerslag B.V.,3291 CC
Struik & Hamerslag BV,3290 AA
Struik & Hamerslag BV,3290 AA
Sublub B.V.,3031 AD
Sunergon Shipping C.V.,3862 AP
Sunrise boten,1823 CL
Sunseeker Nederland B.V.,4424 BK
Super B B.V.,7554 TA
Superior Yachts International B.V.,1070 AR
Supermaritime Nederland BV,4455 RZ
Supiore B.V.,1019 AJ
Suydersee Boat Import B.V.,1165 MK
Svasek Hydraulics BV,3024 EC
t Varskip Yachtcharter,8621 CZ
T.S.S. Ambassadeur C.V.,8064 DB
T&O Duiksport,1446 WE
Talumis,3565 BE
Tarbit Tankers B.V.,3311 AW
Tarka Exploitatie B.V.,3333 GC
Task Environmental Services Worldwide BV,7825 VK
TCPM Ingenieurs & Adviseurs,7327 AD
Tech-Werk V.O.F.,3273 AG
Technautic B.V.,1521 NE
Technip -EPG BV,2909 VA
Techno Fysica BV,2993 LP
Techno Fysica BV,2990 AJ
Techno Fysica BV,2990 AJ
Technoship BV,7323 PH
Technoship BV,7323 PH
Teijin Aramid  BV,6824 BM
Temporary Works Design,3029 AK
Tenderworks B.V.,2361 KV
Terschelling Shipping C.V.,8861 NS
TESTBedrijf hiswa punt nl,1033 RA
Thamesborg Beheer B.V.,9934 CK
The 1 Yacht,8221 RC
The Boathouse,2451 VB
The Offshore Partners Holding BV,3087 AG
Theunissen Technical Trading BV,6580 AB
Theunissen Technical Trading BV,6580 AB
Thordon Bearings Inc. Netherlands Office,4926 RE
Thordon Bearings Inc. Netherlands Office,4926 RE
Thrustmaster Europe BV,2871 RM
Thrustmaster Europe BV,2871 RM
Thrustmaster Europe BV,2871 RM
Thun II B.V.,9936 BH
Thun Tankers B.V.,9936 BH
Tideway BV,4817 ZG
Tijssen Elektro Zeeland B.V.,4301 RC
Timray Marine Diesel BV,2223 LA
Tina Shipping B.V.,3335 LR
Tip Top Sailing B.V.,4797 SP
TKF,7481 KJ
TKF,7480 AA
TKF,7480 AA
TMC,5657 DC
TME BV,8042 PH
TNO Bouw en Ondergrond,3584 CB
TNO Bouw en Ondergrond,2628 VK
TNO Industrie en Techniek,7334 DT
TNO Industrie en Techniek,2628 CK
TNO Maritime & Offshore,2600 AD
TNO Maritime & Offshore,2600 AD
TNO-IMARES,1785 AJ
TON GUANXI ENTERPRISE,5283 LN
TON GUANXI ENTERPRISE,5283 LN
Top Scheepstimmerbedrijf,1436 BD
Tornado Sailing Makkum B.V.,8754 HE
TOS BV,3008 EB
TOS BV,3008 EB
TOS Offshore BV,3087 BM
Trade Navigator Shipping Company C.V.,8448 JB
Tradinco Intrumenten -Apparaten BV,2651 BD
Transafe BV,3340 AA
Transafe BV,3340 AA
Tranship B.V.,1781 AK
Transocean Coatings BV,3071 KB
Transocean Coatings BV,3071 KB
Transparts,3194 DG
Transport & Offshore Services TOS B.V.,3087 BM
Transport Maatschappij Terneuzen,4538 BK
Tree C Technology BV,6716 WC
Tree C Technology BV,6716 WC
Trelleborg Ridderkerk BV,2985 AZ
Trent Navigator Shipping Company C.V.,8448 JB
Trinoxx BV,3371 XE
Trinoxx BV,3371 XE
Trito Navigator Shipping Company C.V.,8448 JB
Triton Navigation B.V.,1077 XX
TrustLube BV,4751 XA
TrustLube BV,4797 ZG
TrustLube BV,4797 ZG
Tschudi Offshore & Towage,1975 AG
TSI Turbo Service International Netherlands,2995 BE
TSI Turbo Service International Netherlands,2995 BE
"TU Delft, Offshore Engineering",2628 CN
Uitgeestermeer Zeilschool,1911 MT
"Uittenbogaart BV, Technisch bureau",3034 KD
"Uittenbogaart BV, Technisch bureau",3034 KD
Ulstein IDEA Equipment Solutions BV,1322 CL
Ulstein Sea of Solutions,3137 XB
Ulstein Sea of Solutions,3137 XB
Ulstein Sea of Solutions BV,3137 XB
Unique Boat Design,2691 HB
United Offshore Services,4782 PX
United One,4250 DD
Unlimited Seatrade,8321 SV
USG Engineering Professionals BV,1314 CK
V-Yachting,2041 JW
v.d. Wansem Service Center,2158 LS
V.O.F. Arka-Arendshorst,8355 AG
V.o.F. de Weerd,8861 VA
V.o.F. Flevotrans,9936 GZ
V.O.F. Jachtservice De Leeuw,8528 DT
V.o.F. m.s. Lifana,9981 JB
V.o.F. Orion,8607 GX
V.o.F. Warber,8531 PP
Vaage Bulk III KS,2871 RK
Vaarbewijs Opleidingen (VBO) B.V.,5109 RE
Vaargoed Beheer B.V.,1019 CZ
VAF Instruments BV,3300 AA
VAF Instruments BV,3300 AA
Vageri Electrical & Instrumentation BV,3364 DK
"Vahali BV, Scheepswerf en Machinefabriek",6690 AA
"Vahali BV, Scheepswerf en Machinefabriek",6690 AA
Van Aalst Marine & Offshore BV,3313 LA
Van Beest BV,3361 HJ
Van Berge Henegouwen Installaties BV,2371 EV
Van Brink,3008 AM
Van Brink,3008 AM
Van Dam BV,4794 SN
Van der Helm -Hudig Rotterdam BV,3161 WD
Van der Laan Yachting B.V.,6051 LV
Van der Meer Jacht-en Scheepsservice,8606 KA
Van der Rest Nautic,4424 BK
Van der Rest Nautic B.V.,4485 PL
Van der Veer en Brinks,8064 XG
Van der Velde Coasting,9934 CK
Van der Velde Watersport,3249 AG
Van der Velden Marine Systems BV,2930 AB
Van der Velden Marine Systems BV,2930 AB
Van Gent Watersport,5331 PG
Van Grevenstein's Scheepswerf,2930 AA
Van Grevenstein's Scheepswerf,2930 AA
Van Heck BV,8391 VK
Van Heusden Watersport B.V.,3621 VC
Van Kuyk Yachting V.O.F.,6019 AA
Van Leest Scheepsbouw B.V.,2361 KZ
Van Leeuwen,3330 AA
Van Leeuwen,3330 AA
Van Leeuwen BV,3336 LE
Van Leeuwen Watersport,1531 MB
"Van Lent Shipyard BV, Royal",2159 LA
"Van Lent Shipyard BV, Royal",2159 LA
Van Leusden BV,4791 PA
Van Leusden BV,4780 LA
Van Leusden BV,4780 LA
Van Malsen Jacht-& Interieurbetimmering,8754 HA
Van Mechelen Lifting Gear BV,4661 TX
Van Oord  Shipmanagement B.V.,3063 NH
Van Oord NV,3063 NH
Van Oord Offshore BV,4207 HN
Van Thiel United BV,5741 SX
Van Veelen Industriële Verpakkingen,3088 HG
Van Veen Jachtservice Scheveningen,2583 DX
Van Voorden BV,5300 AB
Van Voorden BV,5300 AB
Van Voorden Castings BV,5301 LZ
Van Vuuren Performance Sailing,2583 DB
Van Weijen Maritime,4794 SN
Van Wijngaarden Marine Services,3361 HL
Vanclaes B.V.,2401 LP
VandeGrijp Buizen BV,3356 LJ
Vandenenden Shipyards B.V.,4261 TJ
Vanquish Yachts B.V.,7942 LB
Vantage C.V.,4251 NM
VBR Turbine Partners,6662 NE
VDL Klima BV,5600 AH
VDL Klima BV,5600 AH
Vecom Marine,3140 AA
Vecom Marine,3140 AA
Veentrans C.V.,8715 ZH
VeKa Group BV,4251 NM
VeKa Group BV,4251 NM
Veno Yachting,8064 HJ
Venturi Sailing,4401 KX
Verebus Engineering BV,2280 CA
Verebus Engineering BV,2280 CA
Verenigde Scheepswerf Heusden BV,2960 AA
Verenigde Scheepswerf Heusden BV,2960 AA
Verhaar Omega BV,2340 AC
Verhaar Omega BV,2340 AC
Verkade Shipping B.V.,9936 GZ
Vermeer Process Technology BV,3089 KC
Veth Propulsion BV,3350 AB
Veth Propulsion BV,3350 AB
Vetus B.V.,3125 BD
Victron Energy B.V.,1351 JG
Vietnam Consult & Trading BV,2517 AT
Vinkeveen Haven B.V.,3645 DT
Virage C.V.,4251 NM
Visser Yachting,5554 EP
Vitters Shipyard B.V.,8064 PD
Vlasman Jachtbetimmeringen,8606 KB
Vlieland Shipping C.V.,8861 NS
VMG Yachtbuilders,1601 ET
VMS Shipping B.V.,4251 NM
VMW Taxand NV,1019 GM
Voith Turbo BV,7391 AK
Voith Turbo BV,7390 AE
Voith Turbo BV,7390 AE
Volker Staal en Funderingen BV,3089 KP
"Volvo Penta Europe, Office Benelux",4153 RD
"Voogt Naval Architects, de",2000 GE
"Voogt Naval Architects, de",2000 GE
"Vooruit BV, Scheepswerf",1505 HE
"Vooruit BV, Scheepswerf",1505 HE
VOSTA LMG,1030 AD
VOSTA LMG,1030 AD
VoTech Filter BV,6065 BN
VPG Scheepsservice BV,6541 CS
VPG Scheepsservice BV,6541 CS
"Vreeswijk, Museumwerf",3430 BD
"Vreeswijk, Museumwerf",3430 BD
Vri-Jon Holding B.V.,8376 HL
"Vries Scheepsbouw Makkum BV, de",8754 ZN
"Vries Scheepsbouw Makkum BV, de",8754 ZN
"Vries, de Scheepsbouw BV Koninklijke",1430 AG
"Vries, de Scheepsbouw BV Koninklijke",1430 AG
Vripack Yachting International Naval Architects,8606 KC
Vroon B.V.,4510 AA
Vroon Offshore Services B.V.,1781 AK
Vroon Offshore Services BV,1781 AK
Vroon Ship Management B.V. Terneuzen,4538 AA
Vryhof Anchors BV,2901 LB
VSH Fittings BV,1200 AL
VSH Fittings BV,1200 AL
VSL BV,2629 JA
Vuyk Engineering Rotterdam BV,2905 AX
Vuyk Engineering Rotterdam BV,2900 AA
Vuyk Engineering Rotterdam BV,2900 AA
Vyva Fabrics,1175 RH
W. Tijsterman & Zn,2421 BC
W.E.C. Lines B.V.,3088 GB
W.K.M. Cornelisse Trading BV,4200 AC
W.K.M. Cornelisse Trading BV,4200 AC
W.S.B. De Arne,4341 PZ
W.S.C. 't Oude Maasje,5165 PV
W.S.C. De Brekken B.V.,8531 PM
W.S.C. De Ulepanne,8561 HA
W.S.C. de Zeilhoek B.V.,1145 PM
W.S.C. Hart van Friesland,8624 TG
W.S.C. Maasbommel,6627 KS
W.S.C. Vlietland,2266 BM
W&O Europe,4612 RC
W&O Europe,4612 RC
Waddenhaven Texel,1792 AE
Waddeninzicht,9101 LA
Wagenborg Foxdrill,7575 EK
Wagenborg Kazakhstan BV,9934 CK
Wagenborg Offshore B.V.,9934 CK
Wagenborg Shipowners B.V.,9934 CK
Wagenborg Shipping B.V.,9934 CK
Wagenborg Sleepdienst B.V.,9934 CK
Wajer & Wajer Yachts B.V.,8621 DV
Wärtsilä Netherlands BV,3115 HD
Wärtsilä Netherlands BV,8017 JE
Wärtsilä Netherlands BV,8017 JE
Water Weights Europe BV,3364 AE
Waterdrinker Offshore Consult,1851 HP
Waterfront Jachtcharter,4484 NV
Waterpark Beulaeke Haven,7946 LX
Waterpark De Bloemert,9475 TG
Waterpark Terherne,8493 LR
Waterrecreatie Zoutkamp,9974 PC
Waterspoor Jachtcharter,8723 AZ
Watersport 's-Hertogenbosch B.V.,5231 XA
Watersport 't Lamgat,4741 SN
Watersport Academy & Groepsaccommodatie De Kaag,2159 LE
Watersport en Recreatie Camping De Jerden,8556 XC
Watersport K. Kokernoot,1505 HJ
Watersport Service Crezee B.V.,4926 SJ
Watersport Service Happy on Water,5431 SJ
Watersport T.H.M.,4486 PN
Watersport.live,5324 EJ
Watersportbedrijf Anja,9001 BG
Watersportbedrijf De Lits,9261 VM
Watersportbedrijf de Otter,1231 LT
Watersportcentrum 't Garijp,8511 AB
Watersportcentrum Braassemermeer,2377 AE
Watersportcentrum De Rietpol,2063 KA
Watersportcentrum Tacozijl,8531 PE
WatersportReus,1614 MD
Watersportschool Frissen,6041 TR
Watersportservice Berend Mink V.O.F.,9001 XV
Watum Solutions BV,9936 GA
Watum Solutions BV,9936 GA
Wavin Nederland BV,7770 AA
Wavin Nederland BV,7770 AA
WDH Hydraulics,5520 AA
WDH Hydraulics,5520 AA
Weatherford Elastomers,3133 KJ
Weatherford Oil Tool Nederland BV,1786 PC
Webasto Thermo & Comfort Benelux,8263 BC
Webbink Recreatie Holding B.V.,7946 LX
WEG Benelux,7575 DB
Wellekom Watersport,8551 RK
Werf de Chinook,1976 CS
Werkendam Shipping Company B.V.,2224 JV
West Coast International Drilling Supply BV,1948 NR
West End Marina,1231 PD
West Yachting B.V.,8711 GX
West Yachting Zuid B.V.,4797 SN
WestHolland Foreign Investment Agency,2595 AM
Wetering Rotterdam,3089 KC
Wetering Rotterdam,3089 KC
Whaly Boats,5121 DK
Whisper Power BV,9207 JB
Whitney Bay Shipping Company B.V.,9728 JS
Wiersma Yachting B.V.,3812 PB
Wika Benelux,6101 WX
Wildeboer Punterwerf,8355 AJ
Wilhelmsen Ship Service,3008 PC
Wilhelmsen Ship Service,3008 PC
Willis B.V.,1101 BE
Willtéco BV,1721 PP
Wim van der Valk B.V.,5145 PD
Wim van der Valk Beheer B.V.,5145 PD
Windcat Workboats BV,1976 CC
Windekind B.V.,8531 RJ
Winmag,9673 CX
Winmag,9673 CX
Winner Yachts,1671 GD
Winteb BV,9670 AD
Winteb BV,9670 AD
Winteb VOF,9672 AW
Winters Watersport B.V.,7946 LM
Wishful Sailing,3844 DG
WNL Marine Electronics BV,1976 CC
WNL Marine Electronics BV,1976 CC
Wobbegong,3822 EJ
Wolfard & Wessels Werktuigbouw BV,9600 AE
Wolfard & Wessels Werktuigbouw BV,9600 AE
Wolfrat Jachtmakelaardij,1231 LV
Work Wise BV,2905 AX
Workfox BV,2132 LS
Workships Group BV,3062 MB
Workumer Jachthaven,8711 CH
Worldwide Portable Machining BV,3341 LT
Worldwide Portable Machining BV,3341 LT
WorldWise Marine Holding BV,1975 AG
"Wout Liezen BV, Scheepswerf",7942 HR
"Wout Liezen BV, Scheepswerf",7942 HR
Wouter Witzel Eurovalve BV,7580 AB
Wouter Witzel Eurovalve BV,7580 AB
WRS Marine Inspections and Services B.V.,2987 VD
WRS Marine Inspections and Services B.V.,2987 VD
WT Shipping B.V.,9471 BK
WTC Twente Energy Group,7551 CA
WTS Energy BV,2514 AN
X-Craft Performance Rib's & Suspension Seats,1689 AN
X-Yachts Holland B.V.,1361 AA
Xelvin Jacht-en Scheepsbouw BV,8305 BM
Xelvin Jacht-en Scheepsbouw BV,8305 BM
XO Boats,1019 AJ
Yacht Centre Warns,8722 HP
Yacht Colors B.V.,3821 BR
Yacht Service Visser,1141 GA
Yacht-Gallery,8064 PN
Yachtbrokers Loosdrecht,1231 PD
Yachtcharter 2000,8441 RC
Yachtcharter De Brekken B.V.,8531 PM
Yachtcharter De Waarheid,3295 SM
Yachtcharter Huibers,4143 GA
Yachtcharter Sneek,8606 KD
Yachtcharter Urk,8321 MH
Yachtcharter Westerdijk,9264 TJ
Yachtcharter Wetterwille,8493 RG
YachtcleanerY,1628 TM
Yachtexpertise,3645 AJ
Yachts4U Yachtcharter,8484 KK
Yachtservice it Ges,8606 JZ
Yachtservice Van Swaay B.V.,4310 AA
Yamaha Motor Nederland B.V.,1119 NC
Yanmar Benelux B.V.,1332 BS
Yanmar Europe BV,1303 AC
Yanmar Europe BV,1303 AC
Yogi Exploitatie B.V.,3333 GC
Younique Yachts,8747 NR
Zaadnoordijk Watersport B.V.,1911 MT
Zaadnoordijk Yachtbuilders,8441 PK
Zealand Almere B.V.,1339 NB
Zealand Amalia B.V.,1339 NB
Zealand Amsterdam B.V.,1339 NB
Zealand Juliana B.V.,1339 NB
Zealand Maxima B.V.,1339 NB
Zealand Rotterdam B.V.,1339 NB
Zealand Shipping B.V.,1339 NB
Zeelander Yachts B.V.,2964 GB
Zeelandschilder,4694 BX
Zeerederij Holland-Limburg B.V.,9728 JS
Zeil-en Surfschool Neptunus,8523 NJ
Zeilcentrum Allemansend,8581 KG
Zeilinstituut De Bird,8621 JX
Zeilschool 't Stekelbaarsje,8581 KG
Zeilschool Aalsmeer,1433 GK
Zeilschool De Kikkert,8531 PV
Zeilschool De Morra,8584 VC
Zeilschool De Stipe,8561 AV
Zeilschool De Veenhoop,9215 VV
Zeilschool De Viking B.V.,4471 NG
Zeilschool De Vuntus,1231 NX
Zeilschool Hellevoetsluis,3221 LT
Zeilschool Het Veerse Gat,4351 RT
Zeilschool Midden Nederland Loosdrecht,1231 LX
Zeilschool Op De Helling,8621 CV
Zeilschool Waterland,1141 GA
Zeilschool Zuidlaardermeer,9475 TG
Zephyr Shipping LTD,8860 AA
ZF Marine Krimpen,2930 AA
ZF Marine Krimpen,2930 AA
Zijldijk Botenstalling,2362 AE
Zijlstra International Decoration B.V.,1906 NW
Zinder Boats B.V.,3818 GM
Zomerschoe Service SOS,6626 BA
Zuidwaard Yachtservice B.V.,8754 HA
Zwagers Boating,7942 LB
Zwartbol Advocaten BV,2950 AC
Zwartbol Advocaten BV,2950 AC
Zwemer Watersport B.V.,4493 MT
