2E Interconnection,5347JX
3M Nederland,2629JD
3T,7521PH
4 Dental Holding B.V.,6812CT
4S Industrie B.V.,7336BA
A-B-T bv,5026SK
A.D. Jansen Zwolle B.V.,8013PH
A.S.R. Automation Systems Raemaekers,6051BP
A1 Electronics Netherlands,7602KA
ABB,3068AX
Abbott,2132JD
Abbott Informatics Netherlands,1817MJ
ABtronix B.V.,4836LA
AC Analytical Controls,3047AG
Acal BFi Nederland,5657EA
Accelonix,5657EB
Acist Europe,6422PH
AcQ International,5347KN
Adamas Instrumenten,3911TZ
AddspeX,1391LA
Adeas,5657EA
Adelco Electronics,2908KE
Adiform,3045PD
Adquipment Medical,3225LD
Advancis Medical Nederland,8265SG
Advantech Europe,5692ER
Advitronics Telecom,5363VX
AE Sensors B.V.,3315LG
Aemas,4902TT
AEP International,2952CA
Agidens Proces Automation,4207HB
Agilent Technologies Neth.,1186DS
Air-TraXX,4879AV
Airbus Defence and Space Netherlands,2333CS
Airtest Solutions,6581AX
Alaxa Products,3824MB
Alcom Electronics,2909LE
Alewijnse Industrial Automation,6541CX
Alflex Products,2718SK
Allion Van Heek Medical,5800AG
AllweCare medical B.V.,6666ME
Almende,3013AK
ALTHERIS Sensors & Controls,2266KA
Altium,7475BB
Ambu,1118BG
AMETEK,5046AA
Amkor Zeefdruk,6716AV
Amplimo,7161BX
AMX (UK) Ltd.,5657DD
Anadis Instruments Benelux,1339ME
Analytical Solutions and Products,1046CB
Anaspec Solutions,2741PG
AngioDynamics Netherlands,1101BR
Ankersmid Process,7442DH
Anton Paar BeneluxBA,4902TT
Antonides CV,8536TK
AP Nederland,9615TJ
Apotheekzorg,6136KT
Applied Instruments,4382WZ
Applied Micro Electronics ''AME'',5633AA
Applikon Biotechnology,2629JG
APT - Applied Process Technology,6716BP
Aptful Electronics,5341GT
AQC,5705CS
AR Benelux,2391PX
Arcobel Embedded Solutions,5384VT
Ardis Technologies,6827DH
Arenal PCS BV,2641KG
ArjoHuntleigh Nederland,4004MB
Arrow Central Europe,3992AD
ArtTest,5221CK
Asecos,2451GG
Asperitas,2033AA
AssemblyPartner,3316EA
Atos Medical,2718SK
"ATS, Applied Tech Systems",7722RS
Autoclave (Suurmond),8071CZ
Automatie BV,3824MR
Avans Hogeschool MB,4817NL
Avantes,7333NS
AVE Added Value Electronics,2952DA
Averna,6836BA
Avnet B.V.,4815NG
AVT Industrial Components,5657EE
Axians,2909LK
Azbil Telstar Benelux,3543AP
Azteco electronics,3334KH
B&R Industriële Automatisering,4817BZ
Badotherm Proces Instr.,3316GM
Bakker & Co.,3334KC
BAM Bouw en Techniek,3981AZ
Batenburg Industriele Elektronica,7471GG
Batenburg Mechatronica,3079DN
Batterij Import Nederland,5469EK
Baxter,3542CE
BCON Instruments,4697RK
BD Kiestra,9207JC
Beckman Coulter Nederland,3447GW
Becton Dickinson,4800CC
Belimed,3068JG
Belimo Servomotoren,8171MD
Bellmann,1742NW
Bender Benelux B.V.,4817BL
Benelux Scientific BV,4051AP
BENU Direct,3604BB
Bepacom,8102HW
Betec Controls,8171MD
Betronic,1101CB
Beun- De Ronde,1391LA
Beveco Gebouwautomatisering B.V.,3261NA
Bienfait,2031BP
BIG EU / BACNet,3886PL
Binder Engineering,2288EV
Binder Nederland,2141EB
Bio-Connect,6851TE
BIOKÉ,2316WZ
Biolegio,6545CG
BiologiQ,7324AK
Biomedic,1322AS
BIOplastics / CYCLERtest,6374XW
Biosolve,5555CE
BioTRADING Benelux,3641SG
Biotronik Nederland,6538SZ
BIZERBA Nederland,7547SR
Blanken Controls,7371DD
BMF Systemparts,5667KW
Boeren Medical,5126RK
Boom B.V.,7942JE
Bosman Medische Hulpmiddelen,5652AP
BR Controls Products,8013RL
BRAINPACT,5802MA
Brecon Cleanroom Systems B.V.,5026SP
Brinck Meettechniek,3897AG
Bronkhorst High-Tech,7261AK
Bronkhorst Nederland,3905NW
Bronson Incubator Services B.V.,5301LW
Brooks Instrument,3902HN
Bruker Nederland,2353EW
Brunschwig Chemie,1041AX
BSN Medical,1316BN
BÜCHI Labortechnik GmbH,3342GT
Bürkert-Contromatic,4817ZJ
Buveco,2665JA
BV Handelsvereeniging v/h J. & W. Wegman,3565CL
C.N. Rood,2718SK
Cablon Medical,3833GZ
Campro Scientific GmbH,3903KE
Canon Medical Systems Nederland,2718RP
Capable,4824AT
CareFusion Netherlands 238,3994DB
CareFusion Netherlands 310,3994DB
Carltech,6026PX
Carya Automatisering,2629HD
CaTeC,2292JB
CC Nederland B.V.,2665NT
CDS Electronics,3144NH
Celsius Benelux,3812SV
CenS (Micro)Electronics,7371DE
Chess Wise,2033PZ
Chroma ATE Europe,6716AH
Cisco Systems International,1101CH
Cito Benelux,6902PA
Cobar Europe,4823AL
Cobra Medical BV,9723JC
CODAN BV,7411HS
Comdes Componenten,2718SZ
Comecer Netherlands,8501XC
Compose Network Connections,5215MB
Coneco Building Automation,2952CB
Convatec Nederland,3447GM
Core|Vision,5384VT
Corning,1060LJ
Corpuls Nederland,3225LD
CREO-CPS,2031TE
Croonwolter&dros,3024EE
Crowcon Detection Instruments Ltd.,3068JG
Cryo Solutions,5231DD
CTS Nederland,4004KB
D&D Mechatronics,5835DS
D.O.R.C. International,3214VN
Da Vinci Laboratory Solutions,3047BP
Danfoss,3047AT
Danielson Europe / SCHURTER Electronics,7772BC
Dantuma Medische Speciaalzaken,8938BG
DARE!! Instruments,3447GX
De Gidts & Feldman,1351AW
De Groot Instruments,3971RA
Deerns Nederland,2289CP
Delta Elektronika,4301ND
DEMCON,7521PH
DENIOS,2408AJ
Dewetron Benelux BV,4823GL
Dijkstra-Vereenigde,8218NJ
Dirinco,5347JX
DIS Sensors,3763LZ
Dispolab Nederland BV,5711CT
Distrelec BV,3542DT
Distrilab,3832RC
Dochteren IA,7241SX
Doofenshmirtz Evil Inc.,7711MV
Dosco Sales & Engineering,3763LZ
DPVT,4871EP
Dräger Nederland,2721TL
Draka Kabel,2627AN
DSP-systems,4117GG
Dual Inventive Holding,5061KG
Duo-Med,6466NG
Duranmatic,3316KE
DVC machinevision,4817ZK
DWA,2411NT
DWG Automation,3115HM
EBV Elektronik,3606AK
Echelon,3821AP
ECOMAL Nederland,1185XA
EEMCCOIMEX,8239DA
ElderCare,2718RR
Eldon N.V.,9206AE
Eldra bv,6014CB
Elect,7595KE
Electro-Watt,1221AT
Elincom electronics B.V.,2908KD
ELPRO Benelux,5234GG
Elproma B.V,3972KC
Elscolab,3784XC
Elster-Instromet,7064KA
EM-Technik,3542CH
Embed Engineering,9723JA
Emerson Automation Solutions,2289EZ
Endress+Hauser,1411AJ
ENGIE Services West,1507EH
Engineering Spirit BV,3631NA
ENMO Nederland,6825BS
Entermed,8912AW
Envico Environment-Control,2381LG
ENVICONTROL - ENVITEC,5301LW
Eppendorf Nederland B.V.,6545BC
Equinoxia Industrial Automation,3024RJ
ERBE Nederland,4251LJ
Ergo-Care Vennik BV,7547TK
Eriks,1812RL
Erix Techniek,2761GC
Esaote Europe B.V.,6227AJ
EURO-INDEX b.v.,2909LG
Eurocept Homecare B.V.,3991CJ
Eurostat Benelux,5664HK
Eurotec,4705AG
Eurotron Instruments Benelux,9351VR
EWC Diagnostics,8332JZ
Exalon Delft,2629HD
Exertis,3317DM
Expice,1689AN
Farnell Netherlands B.V.,3542EA
FELTEN Wire & Cable Solutions,5507TM
Festo B.V.,2627AN
FFEW,5165VW
Finder Relais Nederland,1041BC
Fineline QPI B.V.,5708HR
Fisher Scientific,1121PC
Fix Trade,3905PJ
FläktGroup Netherlands B.V.,2909LL
Flatfield multi print International B.V.,4004LH
Flen Pharma,6842CT
Flexim Instruments Benelux,2651JX
FlexLink Systems,2132WV
Flohr Instruments,3439MS
Flowserve Flow Control,3176PR
FMH Endoscopy,3905PG
FOA Nederland Glasvezeltechniek,5705AK
Fomax Test & Connectivity,1322AN
Forehand Network Components & Devices,3084CB
Formit BV,5554GM
fortop Automation & Energy control,8064PE
Foss Benelux c/o Foss GmbH,3401RB
Fresenius Kabi Nederland,3705GJ
Fresenius Medical Care Ned.,5253RC
Future Diagnostics Solutions,6603BN
Future Electronics,4823AA
GBO,5706ST
GC biotech,2408AE
GDM B.V.,5652CL
GE Healthcare,3871MV
GE Oil & Gas Netherlands B.V.,3871MV
Georg Fischer N.V.,8161PA
Gepro Electronics,3772MR
Getinge,4004MB
Gilson International,2495AJ
GL Sciences B.V.,5652AS
Global Electronics,7483PD
GLYN Benelux,5554HA
GMC-Instruments Nederland,3449JD
Goedegebuure Slaaptechniek,3632AB
GrafiMedics,3897AJ
Greiner Bio-One B.V.,2408AR
Gullimex,7623CS
GW-Instek - Good Will Instruments Euro B.V.,5504DG
H.F. Technology,1562LC
HACH,4003AZ
Hadro Techniek,2841MC
Haemonetics,4818CL
Ham-Let Benelux,7944HS
Hamamatsu Photonics,1322AC
Hanna Instruments,3433PV
Harstra Instruments,3891KA
HARTECH meet- & testapparatuur,1521RD
Harting,5234KA
Haskoning DHV Nederland,3068AX
HBK2000 Besturingstechniek,1731LK
HC Groep,1442LG
HCS Building Automation,2901AM
HE adviseurs,3061CH
HEAD Electronics,2222AH
HEIDENHAIN NEDERLAND B.V.,6716BM
"Heijmans Utiliteit, meet en regeltechniek",5248JT
Heijneman Medical,3411NX
HellermannTyton,3812PX
Helmut Fischer Meettechniek B.V.,5627GB
Hermed Medrott Medical,3233LM
Hestel Electronics,3940AC
Hettich Benelux,4191PC
Heynen,6598AV
Hi-Tech RF & Microwave Solutions,3709JA
Hielkema Testequipment,5406XP
Hiflex Automatiseringstechniek,2984CD
HIMA Benelux,4824AB
Hirschmann Multimedia,1382JS
Hitachi Medical Systems,2811EM
HITMA Instrumentatie B.V.,1422AL
Hobré Instruments,1446WK
Honeywell,1101EA
Hoogland Medical,5349AT
HPS Industrial,3925CG
Huba Control AG,3828AD
Huijzer Components,1817DA
Huisman Mediap,4004JM
Human Workspace b.v.,4903RE
Hycult Biotech,5405PB
HyTEPS,5421LC
I.B. Kracht,2272RH
I.C.Y.,8531WC
Ideetron,3941JL
IKS International,5249JK
Imbema Controls,2011VN
imc Test & Measurement B.V.,4206CC
Inacom Instruments,3959AE
INCAA Computers,7339BD
INDES-IDS,4101KK
Inductive Systems Europe B.V.,5026SP
INEPRO Metering,2153PK
Infineon Technologies Holding,3012KM
Infors Benelux,6883JL
Ingenieursburo Gommer,2271AD
INstruchemie,9932AB
Instrument Solutions Ben.,3439LC
Intemo Special Products,5705CN
Intercomponents,3972KC
Interscience,4823AA
Intersurgical Nederland,5406XP
Intertec Instrumentation,7071PP
INTOS interior solutions,2031BP
Intronics,3772MT
INVEN Technology Benelux,4817ZN
Inventech Benelux BV,4906BB
IPPN Measurements & Controls VOF,7041GW
Isatronick,5126CA
Isogen Life Science,3454PW
Istec International,2163HA
Iszgro Diodes,2628XH
IT Bases,2015CP
ITK Diagnostics,1422DR
J. Verholt,7071CH
J.H. Ritmeester,3439LD
j.j. bos b.v.,2809PH
Jasco Benelux,3454PW
JEOL (Europe),2153PH
Johnson Controls Building Efficiency,4202MS
JTAG Technologies,5612AN
JUMO Meet- en Regeltechniek B.V.,1382GT
Kago Electronics,1921CZ
Kebomed,7324AK
KERO Quality,7913VB
Keysight Technologies Netherlands B.V.,1101BV
Kistler,3755BS
KITT Engineering,7500DR
KIWA Nederland,2280AB
Klay Instruments,7991CZ
Klinerva,3991CJ
KNX,3130KE
Kobold Instrumentatie,6824GR
Koning & Hartman,1101AX
KORE Wireless /,3447GE
Köttermann Laboratoriuminrichting B.V.,4811VC
Kreisler Import,2591GE
KROHNE Nederland,3313LC
Kropman Installatietechniek,5645CG
KSB Nederland,1161JN
Kuijpers,5708HR
LA Biosystems B.V.,5144ND
Lab Services,4827HJ
Lab-QAcademy,1066LC
Labinco,4823AC
LabMakelaar Benelux,2761JE
Labolutions,2333BD
Laboz,8448CL
Labvise,1441SK
LabWare Limited,6006LV
Laméris Ootech,6716WC
Lasent B.V.,1446WJ
Laser 2000 Benelux,3645GV
Laservision Instruments,7711EJ
Laumans Techniek,6003DC
Leertouwer,3772MN
Legrand Nederland,5281RS
Leica Microsystems,1032LG
LEMO Connectors Benelux,1967AD
Leybold Nederland B.V.,3565AM
Linde Gas Cryoservice,5651GJ
Linde Healthcare Benelux,5651GJ
LivaNova Nederland N.V.,1013BX
Livingston (Tems),3905KZ
Lode Holding,9747AN
Logic Technology B.V.,5981XC
Lohmann & Rauscher,1322AS
Lopital,5061JR
Löwenstein Medical Netherlands,3772MP
LPS bv,5347JW
Lumberg Nederland,2665JB
Lutron EA Ltd,5258ZG
Maastricht Instruments,5229ER
Major Electronics,7903AK
Malvern PANalytical B.V.,5651GH
Maquet Netherlands,1216TJ
Marktechnical,5102AE
Martin Nederland,1271VE
MASER Engineering,7521PL
Matas Electronics B.V.,5684PH
Mathot Medische Speciaalzaken,2031BL
MCS - Mixe Communication Solutions BV,3047BG
MedCaT BV,7891WV
Mediatronix,2135JZ
Medica Europe B.V.,5340AS
Medicare Uitgeest,1911BK
Medidis,8218ME
Mediq Nederland,3261MA
MediReva,6226NC
Medisize BV,2132MS
Melles Griot,6942SE
Mentor Graphics Netherlands,5656AE
Merpa,2665LA
Metafas,5721VG
Metatronics,5617BD
Metrohm Nederland,2992LB
Mettler-Toledo,4004JK
METZ CONNECT GmbH,4872LA
Meuleman Electronics B.V.,5683CZ
MG Products,5446BS
Michell Instruments Benelux BV,4906CR
Micro-Key,9804TG
Microlectra.,3261ME
Micronevel,1817DA
Micropower - HPR Techniek,4817ZD
Microtron,4903SE
Miele Nederland,4131NR
Mindray Medical Netherlands,3871AN
Minerva Meettechniek,3812WX
Minkels,5466AC
Mitsubishi Electric Europe,3641RP
Mitutoyo Nederland,3905KX
MKS Instruments Benelux,3447GM
MMS Medical Measurement Systems,7521PV
MODELEC Data-Industrie B.V.,6716AE
Molnlycke Health Care,4800DD
Moore Industries Europe Inc.,4003CD
Motek Medical,1101CD
MT-Diagnostics Netherlands,4871BX
MTT Medical Technology Transfer bv,7221NA
Mulder-Hardenberg,2012JL
Multi Instruments Analytical B.V.,4207HE
Murrelektronik BV,4817BL
MYLAPS,2012PJ
Nanosens,7201HB
National Instruments Ned.,3447GK
Nedap N.V. Light Controls,7141DC
Nederlands Forensisch Instituut (NFI),2497GB
Nefab Bijl,3771ND
Network Innovations,5504HE
New Cosmos-BIE B.V.,1704SG
Nexans Cabling Solutions,3112NC
Nifa Technologies,8912AD
Nijkerk Electronics,1096BN
Nikon Instruments Netherlands,1076ER
Nipro Europe N.V.,4818CL
Nivotherm,3341LJ
NovaVeth,1332BB
Novotek,4824EH
Nutacon B.V.,2451GG
Nutek Europe,4941SG
Observator Instruments,2984BM
Ocean Optics,6921EW
ODS Metering Systems,2991LE
Oldelft Benelux,3905KW
Olympus Nederland,2382NW
Omnitek,2741PW
Omron Electronics,2132JD
Ontwerpstudio DUNC,2341BV
OpenText Cooperatief UA,3882RH
Panasonic Electric Works Sales Western Europe,5684PJ
Partnertec B.V.,5688GA
Paul Hartmann,6546BC
PCB Connect,5653MA
PCS,3335LR
Pedak meettechniek,6093PL
Penko Engineering,6718XC
Pentax Nederland,6669NB
Pepperl+Fuchs,5216PR
Perf-IT,3364DG
PerkinElmer Nederland,9723TH
Pfeiffer Vacuum Benelux,4104BK
PHC Europe B.V.,4879AZ
Philips Healthcare,5621JG
Philips Lighting,5621JG
Phoenix Contact,6902PA
Phuntronix,3769AL
Physio-Control Operations Netherlands,1019GM
PIA Service,8503AE
Pilz Nederland,4131NM
Pluripharm-Direct,1810KA
PM Komponenten,7005AG
Polytemp Scientific,8701MH
Powerbox Benelux,4879AZ
Prisafe International B.V.,1112AX
Priva,2678LC
Prodek Automation Products,3851SK
Proleit,7521PA
Prolyse B.V.,5102VA
Promega Benelux,2316XB
ProMinent Verder,3451GG
Promis-Electro-Optics ( PEO ),6603AS
ProSense,4902NS
Protonic Holland,1689AL
PT Medical,9351VG
QIAGEN Benelux,5911KJ
Quality2Process,7559SP
QVM,2034LN
Radiometer Benelux BV,2718RR
Raritan Europe,3115JG
Raster Industriële Automatisering,6621AC
Ratio Electric,3861RH
Reditech Engineering,4814RS
Regel Partners,3871MT
Reichle & De-Massari Netherlands,7325DZ
Reijnen Sealing,9321DB
Remtech Nederland,4286BV
Rena Electronica B.V.,4881XZ
Rensen Regeltechniek,5405AH
ResMed Nederland,2132WT
Rhosonics Analytical BV,3882TR
Rittal,6942AL
Roche Diagnostics Nederland,1322CK
Rohasys,5121DL
Rohde & Schwarz Benelux,3439ND
Romal,3523KJ
Romex,3911TZ
Rotero Holland,3447GK
RS Components,2031AZ
Rutronik Elektronische Bauelemente GmbH,4206CL
S+B Rotterdam,3064AG
Safex Control,2811EL
Sakura Finetek Holland,2408AV
Salland Electronics bv,8024HB
SALM EN KIPP,3621LP
SAMSON REGELTECHNIEK,2718SH
Sanbio,5405PB
Sarstedt,4879AE
Sartorius Netherlands,3821BM
Sauter Building Control Nederland,1042AZ
Scala Scientific B.V.,6718WR
Schaper Benelux Bandages & Braces,3372BN
Schleifenbauer Products,5249JK
Schneider Electric Systems  Netherlands NV,3741LS
Schneider Electric The Netherlands,2132LS
Scholten Medische Groep,4191NZ
SCHURTER Electronics B.V.,7772BC
SCIEX,2913LN
Sensor Partners,5151DP
Sentron Europe,9351VD
Separations Analytical Instruments,3341LL
Shimadzu Benelux,5232BB
Sick,3721BC
Siemens Healthcare Nederland,2595BN
Siemens Industry Software,5215MV
Siemens Nederland N.V.,2595BN
Sigma-Aldrich Chemie,3331LL
Simac Electronics,5151AE
Simac Techniek N.V.,5503LB
Sintec,1327HA
Sintecs,7553AE
Skalar Analytical,4823AA
Skills Meducation,1223RE
Skytron Europe,8022AD
Small Processor Systems,6031RK
Smartec,4811AP
Smith & Nephew Nederland,2132NB
Smiths Medical Nederland,5241JT
Snijders Labs,5048AR
Socomec B.V.,3991CD
Sommen B.V.,5113TC
Sopachem,4051AP
Sorgente,3992CP
SpringMedical,7313CW
STbenelux B.V.,3447GK
Steendam LFS,8042PW
Stekon,2163HC
Steritec,3044BC
Stichting TI-COAST,1098XH
Stimag,2163HC
Stohr Industrial Automation,6446BW
Stöpler Instrumenten & App.,3543AR
Störk-Tronic NL,2665JG
Strukton Embedded Solutions,7559SP
Strukton Worksphere,3542DA
Stulz Groep,1180AB
Sustainder,4817ZP
Swagelok Nederland,2741PG
Synchron Instrumenten,4879AK
Synspec,9747AV
Syrinx Industrial Electronics,1688JH
Sysmex Nederland,4879NP
Systeme Helmholz Benelux,3144CB
T&M Systems B.V.,2718SK
TA Control Systems (TACS),3315LG
Tasseron Sensors & Controls,2632BB
tbp electronics,3247CP
TE Connectivity Nederland,5222AR
Te Lintelo Systems,6903PZ
Tecan BeneluxBA,4283GZ
Techema,3454PS
Techmation B.V.,4251EN
Technex b.v.,1521NE
Technoglas laboratoriumapparatuur BV,2211JT
Telerex Nederland,4817ZN
TEMPCO B.V.,2411HK
Tempcontrol Ind.Electr.Prod.,2632BB
Teruplast,3752LS
Testo BV,1314BH
Texas Instruments Holland,5656AE
Texim Europe,7483PG
Thal Technologies,1333MS
Thermo Electra Temperature Sensor Solutions B.V.,2641KM
Thermo Electric Instrumentation,2741PH
Thermo Fisher Scientific,4817BL
TMC Electronics,5657DC
Tokyo Keiso Europe,4033KH
Tooltronics,2984CB
TOP-electronics,2921LC
Total Care,5051PL
TPF Control,6657KD
Tradinco Instrument-Apparaten,2718TB
Trescal,2722NN
Tritec Benelux,3364DA
Tritium Microbiologie,5652BB
Tromp Medical BV,1901ND
TSH Benelux,3047BJ
TT&MS,2153PD
TTI Inc.,5633AC
Tucana Telecom,4817ZG
Turck,8019BN
Tuttnauer Europe,4815PR
TÜV Rheinland Nederland,6827AV
"Twentse Electronica Groothandel,TEG",7547SP
U-F-M b.v.,4751XC
Unica Building Automation,3871MT
United Care Products,9723TC
V en M,7327AB
V-PS,5735SL
VAF Instruments,3316EL
Value Procurement Centre B.V.,9728BM
Van Galen Klimaattechniek,3088EG
Van Mierlo Ingenieursbureau,5623EX
Van Tol Laboratoriumtechniek,5328BD
Van Vliet Medical Supply,1322AS
Vandeputte Medical,3439MG
VCM Medical V.O.F.,3833GN
VDW CoolSystems,4191PC
Vedotec,2911BL
VEGA,3817CG
Veolia Water Technologies Netherlands,6716BZ
Verathon Medical Europe,1096BL
Verkerk Elektrotechniek,3335LH
Vertiv Benelux B.V.,4816KB
Verum Software Tools BV,5582LA
Vierpool,3606AS
VitalAire Nederland,5652AX
VIVISOL Nederland B.V.,5048AV
Von Rohr Arca,6961CW
Vonk,3265BT
Vonmarcken,3417XL
Vos Instrumenten,5301KR
VWR International,1043AP
WAGO Nederland,7324BW
Waldmann BV,4004LK
Waters Chromatography,4879AH
Watson-Marlow,3044AT
Webeasy,3364DK
WEETECH,5151AE
Weidmüller Benelux,1216SE
Weiss Technik Nederland,4004KD
Welland Nederland B.V.,6666MA
wenglor sensortechniek b.v.,3882TS
Westburg,3832GK
Western Airconditioning,3871MV
Westfalen Medical,7418EW
Wibu Systems,7559SW
WIKA Benelux,6101WX
Wilten Instrumenten,4879AK
Wireless Value,7812HZ
Wonderware Benelux B.V.,4817ZN
Würth Elektronik Nederland,5215MK
Xensor Integration,2645EJ
Xilloc Medical,6167RD
XTAC Analytical,2331BA
Yellax Engineering,3404LA
Ymif Engineering,2544EG
Yokogawa Europe Solutions,3825HD
Zeiss,3364DL
Zematra,4661TZ
Zilvertron B.V.,2872ZT
Zirbus Technology Benelux,4004JA
ZOLL International Holding,6662PV
[e]Parts Electro Componenten,3762EC
