AliusEnergy,5521DX
Beter Duurzaam,7324AJ
BT Duurzame Installatietechniek,5249JZ
Conduct Technical Solutions BV,2993LM
De Beijer RTB bv,6921EX
Deltazon B.V.,4317AF
Dutch Solar Systems B.V.,7472DD
ECN part of TNO,1755LE
EigenEnergie.net,5667KX
ElektroNed,3903LM
Eversheds Sutherland,1081CN
First Energy B.V.,1976CV
G2 Energy,3888ML
Green4Energy,1033MP
Greeny Bros,1911DB
Hesi installatie techniek bv,6422PR
Hoppenbrouwers Techniek,5071ND
HRsolar B.V.,2678MC
IBC Solar,6101WS
IDenergie BV,3452MS
Itho Daalderop,3115HB
Jacobs Dakbedekkingen,5861EJ
JansZon B.V.,1095AL
KiesZon,5248NL
Kiwa BDA,4202MS
Krannich Solar B.V.,3404LJ
Mastervolt BV,1105AN
Mijn Zonneveld,5051HJ
NaGa Solar Holding B.V.,6225XV
Natec,5215MN
Navetto BV,3155DL
Nefit Bosch,7400AA
New Energy Systems,6333AT
Nixwell B.V.,1689AN
Petersen Arbozorg & Veiligheid,5081PN
Pure Energie,7521AG
PV Care,6905SG
RE-Source Duurzame Installaties BV,5507TK
RenCom,1191EP
RenewabLAW,5263AX
Rexel Nederland B.V.,2712PB
Rooftop Energy,3013AD
SinneTechnyk,8561EX
Solar Energy Application Centre (SEAC),5656AE
Solar Magazine,5403LJ
Solar Plaza International BV,3000CG
Solar Solutions Int.,1703WE
SolarCare BV,4818BP
Solarpartners,1404HR
SolarProf b.v.,3446CP
Solarwatt BV,4004LN
Soltronergy,6041LE
Stafier Solar Systems (Stafier),6902PC
Statkraft Markets B.V.,1082MA
Straightforward,6129EL
Sunbeam BV,3704GS
Sunforce Duurzame Energietechniek,1474HV
Sunrock,1017EK
Switch Energy,3032AC
Switch2Solar,4851SR
TKI Urban Energy,3511MH
Van den Pol Elektrotechniek,3417XL
Van der Valk Solar Systems,2681LP
Wasco,7394AL
Wijsman Energy Systems,2728PD
Zaanzon,1521NE
Zon&Co,1096AK
ZON7,8243PE
Zondermeer,3731VL
Zonel Energy,3735MC
Zonneboilerpro,1161TA
Zonnegilde B.V.,8263BL
Zonnepanelen Xtra,3371VK
Zonzo B.V.,1607MT
