Bedrijfsnaam,Website,Bezoekadres,Postadres,KvK,E-mail,Organisatietype,Specialisatie
TinybotsB.V.,www.tinybots.nl,"Transistorweg7,6534ATNijmegen","Transistorweg7B,6534ATNijmegen",64712311,info@tinybots.nl,Bedrijf,"Domotica,ICT,Robotica"
GemeenteOss,http://www.oss.nl,"Raadhuislaan2,5341GMOss","Postbus5,5340BAOss",50616641,gemeente@oss.nl,Overheid,Gemeente
UniversiteitTwente,http://www.utwente.nl/,"Drienerlolaan5,7522NBEnschede","Postbus217,7500AEEnschede",50130536,info@utwente.nl,Kennisinstelling,WO
UrogynB.V.,http://www.urogynbv.com,"Transistorweg5,6534ATNijmegen","Transistorweg5A,6534ATNijmegen",9205140,info@urogynbv.com,Bedrijf,"Medicaldevices,Research&Development"
iGeneB.V.,http://www.igene.nl,"OudeHaven102,6511XHNijmegen","OudeHaven102,6511XHNijmegen",59321687,info@igene.nl,Niet bekend,Niet bekend
XenikosB.V.,,"Molenveldlaan152,6523RNNijmegen","Molenveldlaan152A,6523RNNijmegen",9206362,info@xenikos.com,Bedrijf,"Biotechnologie,Farma"
PlasmacureB.V.,http://www.plasmacure.nl/,"HighTechCampus12,5656AEEindhoven","HighTechCampus12,5656AEEindhoven",60074000,bas.zeper@plasmacure.nl,Bedrijf,Bedrijf-Medicaldevices
StichtingJeugdinterventies,www.stichtingjeugdinterventies.nl,"Endegeesterstraatweg36C,2342AKOegstgeest","Postbus37,2300AALeiden",27331172,info@stichtingjeugdinterventies.nl,Kennisinstelling,HBO
BabyMooni.o.,,"Transistorweg7,6534ATNijmegen","Transistorweg7B,6534ATNijmegen",67434134,geta.rasciuk@gmail.com,Bedrijf,Medicaldevices
TSGInnoteQ,,"Furkapas8,5624MDEindhoven","Furkapas8,5624MDEindhoven",17238527,info@tsggroup.nl,Bedrijf,"Bouwenelektrotechniek,Medicaldevices"
NèjhofB.V.,www.nejhof.nl,"Oremusplein5,6852PAArnhem","Luitenantstraat15,6852PAHuissen",68935668,info@hegeman-vbm.nl,Bedrijf,"Bouwenelektrotechniek,Huisvesting&Faciliteiten,Ontwikkelingsmaatschappij"
ILogos,http://www.ilogos.nl/,"Nimrodstraat50,6531LHNijmegen","Nimrodstraat50,6531LHNijmegen",53278925,Jochem@Ilogos.nl,Bedrijf,informatisering
Kostelyck,http://www.kostelyck.nl,"Italieweg19,2411NRBodegraven","Italieweg19,2411NRBodegraven",50608223,marcel@kostelyck.nl,Niet bekend,Niet bekend
VerenigingChirurgievoorMedischStudentenNederland(VCMSNederland),http://www.VCMS.nl/Nederland,"Catharijnesteeg8,3512NZUtrecht","Catharijnesteeg8,3512NZUtrecht",63950286,amc@vcms.nl,Netwerkorganisatie,Netwerkorganisatie
InnovativeTaxBV,http://www.innovativetax.nl/,"Bijsterhuizen3007,6604LPNijmegen","Postbus31255,6503CGNijmegen",55788076,info@innovativetax.nl,Bedrijf,"Consulting,Financieeladvies"
IXZI,http://www.ixzi.net,"Stratenmakersveste74,6846BKArnhem","Stratenmakersveste74,6846BKArnhem",62578847,info@ixzi.net,Bedrijf,"Consulting,eHealth,ICT"
FoodValley,http://www.foodvalley.nl,"NieuweKanaal7J,6709PAWageningen","Postbus294,6700AGWageningen",9145471,info@foodvalley.nl,Netwerkorganisatie,Food
AOMBIntellectualProperty,http://www.aomb.nl,"J.F.Kennedylaan2,5612ABEindhoven","Postbus645,5600APEindhoven",17074382,e.baeten@aomb.nl,Bedrijf,"Consulting,ICT,IPAdvies"
StichtingRijnstateZiekenhuis,http://www.rijnstate.nl,"Wagnerlaan55,6815ADArnhem","Postbus9555postnr.1910,6800TAArnhem",9096140,info@rijnstate.nl,Zorginstelling,AlgemeenZiekenhuis
IqualityBusinessSolutionsB.V.,www.iquality.com,"Jonkerbosplein52,6534ABNijmegen","Postbus6847,6503GHNijmegen",10042190,info@iquality.nl,Bedrijf,"Businessdevelopment,eHealth,ICT"
AlliantieVoedingGelderseVallei,www.alliantievoeding.nl,"WillyBrandtlaan10,6716RPEde","Postbus9025,6710HNEde",9202269,info@alliantievoeding.nl,Netwerkorganisatie,Netwerkorganisatie
TunstallB.V.,http://www.tunstall.nl,"Oslo28,2993LDBarendrecht","Postbus311,2990AHBarendrecht",24242776,mark.vanderpluym@tunstall.nl,Bedrijf,"Consulting,Domotica,eHealth,Ouderenzorg"
StichtingDirkdeDerde,,"HendrikMarsmanweg6,4103WSCulemborg","HendrikMarsmanweg6,4103WSCulemborg",58910492,info@dirkderde.nl,Niet bekend,Niet bekend
Ma2B.V.,http://www.ma2medical.com,"SciencePark400,1098XHAmsterdam","SciencePark400,1098XHAmsterdam",53242408,info@ma2medical.com,Bedrijf,"Medicaldevices,Research&Development"
Imagelabonline&Cardiovascular,http://www.imagelabonline.nl,"Lutterveld12,4117GVErichem","Lutterveld12,4117GVErichem",57695539,ericdg@xs4all.nl,Niet bekend,Niet bekend
ZorgnetApeldoorn,http://www.zorgnetapeldoorn.nl,"Beatrijsgaarde1,7329BKApeldoorn","Beatrijsgaarde1,7329BKApeldoorn",62868535,info@zorgnetapeldoorn.nl,Netwerkorganisatie,Netwerkorganisatie
JouwOmgevingHoldingB.V.,http://www.jouwomgeving.nl,"Maliebaan79,3581CGUtrecht","Maliebaan79,3581CGUtrecht",55511708,info@jouwomgeving.nl,Bedrijf,"eHealth,ICT"
DeernsNederlandBV,http://www.deerns.nl,"Fleminglaan10,2289CPRijswijk","Fleminglaan10,2289CPRijswijk",27047671,contact@deerns.com,Bedrijf,Bouwenelektrotechniek
O4WheelChairs,http://www.rolstoel.nl/,"Markenweg9,7051HSVarsseveld","Markenweg9,7051HSVarsseveld",9076744,s.beumer@o4.eu,Bedrijf,Medicaldevices
InforiumBV,www.inforium.nl,"Zuiderpark15,9724AGGroningen","Zuiderpark15,9724AGGroningen",63700441,info@inforium.nl,Bedrijf,eHealth
DEMCONadvancedmechatronics,https://www.demcon.nl/demcon/,"Institutenweg25,7521PHEnschede","Institutenweg25,7521PHEnschede",6070325,info@demcon.nl,Bedrijf,"Medicaldevices,Research&Development,Robotica"
Ernst&YoungNederlandLLP(EY),http://www.ey.com/nl/nl,"Meander861,6825MHArnhem","Postbus30116,6803ACArnhem",8098315,info@nl.ey.com,Bedrijf,Financieeladvies
ModderkolkProjects&MaintenanceBV,http://www.modderkolk.nl,"Nieuweweg131,6603BLWijchen","Postbus360,6600AJWijchen",10022937,rlamers@modderkolk.nl,Bedrijf,Bouwenelektrotechniek
TheEconomicBoardArnhemNijmegen,http://www.theeconomicboard.com,"Toernooiveld300,6525ECNijmegen","Toernooiveld300,6525ECNijmegen",65371992,bureau@theeconomicboard.com,Netwerkorganisatie,Netwerkorganisatie
ROCRijnIJssel,http://www.rijnijssel.nl,"Zypendaalseweg167,6814CJArnhem","Postbus5162,6802EDArnhem",41053084,info@rijnijssel.nl,Kennisinstelling,MBO
ChangingHealthcare,http://www.ChangingHealthcare.nl,"DeepPurplestraat5,6663HZLent","DeepPurplestraat5,6663HZLent",54552516,info@changinghealthcare.nl,Bedrijf,"Consulting,eHealth"
VanBaarsMedical,,"Grundellaan28,7552EDHengelo","Grundellaan28,7552EDHengelo",8091855,Niet bekend,Niet bekend,Niet bekend
DetronLifecycleServices,http://www.detronlifecycle.com,"Traverse1,3905NLVeenendaal","Postbus721,3900ASVeenendaal",30274692,adrie.van.lankveld@detron.nl,Niet bekend,Niet bekend
StichtingHealthValleyNetherlands,www.healthvalley.nl,"Transistorweg5R,6534ATNijmegen","Transistorweg5R,6534ATNijmegen",09165713,info@healthvalley.nl,Netwerkorganisatie,Niet bekend
Lacidem,www.lacidem.eu,"Wilhelminalaan6,3761DNSoest","Wilhelminalaan6,3761DNSoest",69976759,info@lacidem.eu,Bedrijf,"Marketing&communicatieadvies,Research&Development,Consultancy"
VSParticle,http://www.vsparticle.com/,"Molengraaffsingel10,2629JDDelft","Molengraaffsingel10,2629JDDelft",65630688,v.laban@vsparticle.com,Bedrijf,Research&development
NewVentureMatchB.V.,www.newventurematch.com,"JanKoklaan8,3829GZHooglanderveen","JanKoklaan8,3829GZHooglanderveen",67021239,eddy.vandenbrink@newventurematch.com,Bedrijf,"Businessdevelopment,Consulting"
StichtingLEO(CenterforServiceRobotics),http://www.leorobotics.nl,"Drienerlolaan5,7522NBEnschede","Postbus217,7500AEEnschede",51707705,info@leorobotics.nl,Bedrijf,"Netwerkorganisatie,Robotica"
ProvincieOverijssel,http://www.overijssel.nl,"Luttenbergstraat2,8012EEZwolle","Postbus10078,8000GBZwolle",51048329,postbus@overijssel.nl,Overheid,Provincie
Hendriks&Company,http://www.hendrikscompany.nl,"UbbergseHolleweg20,6574ASUbbergen","UbbergseHolleweg20,6574ASUbbergen",55201261,ton@hendrikscompany.nl,Niet bekend,Niet bekend
BehandelingBegrepen,http://www.behandelingbegrepen.nl/,"Oosterpark29,1092AJAlkmaar","Scharlo49,1815CNAlkmaar",62946315,olchert@behandelingbegrepen.nl,Bedrijf,eHealth
InspireHealthB.V.,http://www.bruisz.nl,"Utrechtseweg159,6862AHOosterbeek","Postbus157,6860ADOosterbeek",62839071,Niet bekend,Niet bekend,Niet bekend
MizoWoonondersteuningBV(Jaapie!),http://www.jaapie.nl,"Dorpsstraat79,7948BMNijeveen","Dorpsstraat79,7948BMNijeveen",63659018,michel@mizo-woonondersteuning.nl,Bedrijf,"eHealth,ICT,Medicaldevices"
OtéPharmaSolB.V.,http://www.ote.nl,"Vluchtoord38,5406XPUden","Vluchtoord38,5406XPUden",16076787,info@ote.nl,Bedrijf,"Farma,Medicaldevices"
MaXmo,http://www.maxmo.nl,"Bennekomseweg21,6866DAHeelsum","Bennekomseweg21,6866DAHeelsum",9075315,info@maxmo.nl,Bedrijf,"Businessdevelopment,Consulting,Financieeladvies"
HYBB.V.,www.hyb.nu,"BedrijvenparkSterckwijck
LaandeWijze23,5835DSBoxmeer","LaandeWijze23,5835DSBoxmeer",52152235,pim@hyb.nu,Bedrijf,"Bouwenelektrotechniek,Research&Development"
AccentureInnovationAwards,http://innovation-awards@accenture.com,"GustavMahlerplein90,1082MAAmsterdam","Postbus75797,1070ATAmsterdam",27162941,innovation-awards@accenture.com,Netwerkorganisatie,Businessdevelopment
BoomerwebB.V.,http://www.boomerweb.nl,"Klinkenbergerweg30,6711MKEde","Klinkenbergerweg30B,6711MKEde",9208279,info@boomerweb.nl,Bedrijf,"Consulting,eHealth,ICT"
BrabantseOntwikkelingsMaatschappijBOM,http://www.bom.nl,"GoirleseWeg15,5026PBTilburg","Postbus3240,5003DETilburg",18033506,info@bom.nl,Overheid,Ontwikkelingsmaatschappij
IdrisOncologyBV,www.idrisoncology.com,"RobertBoyleweg4,2333Leiden","RobertBoyleweg4,2333Leiden",66282519,info@idrisoncology.com,Bedrijf,"Biotechnologie,Diagnostica,Medicaldevices,Research&Development"
IVSConsultancy,http://www.ivsconsultancy.com,"Chopinstraat15,6584EJMolenhoek","Chopinstraat15,6584EJMolenhoek",61843717,j.vandendolder@ivsconsultancy.com,Niet bekend,Niet bekend
StichtingProscoop,http://www.proscoop.nl/,"LageBergweg10,7361GTBeekbergen","LageBergweg10,7361GTBeekbergen",0812625,h.bloten@progez.nl,Bedrijf,"Consultancy,Gezondheid&welzijn"
GemeenteApeldoorn,http://www.apeldoorn.nl,"Marktplein1,7311LGApeldoorn","Postbus9033,7300ESApeldoorn",8223882,bedrijvencontactpunt@apeldoorn.nl,Overheid,Gemeente
EigenZorg,http://www.Eigenzorg.com,"Zomerdijk32A,3143CTMaassluis","Bankastraat14,2585VTDenHaag",62860402,info@eigenzorg.com,Bedrijf,"eHealth,ICT"
WisseKommunikatie,http://www.wisse-worldcom.nl,"Kroonpark2,6831GVArnhem","Postbus3037,6802DAArnhem",9106271,serge.beckers@wisse-worldcom.nl,Bedrijf,"Consulting,Marketing&communicatieadvies"
VesaliusPerfectus/VirtualProteinsInternationalBV,http://www.virtualproteins.com,"Beemdstraat1,5653MAEindhoven","Beemdstraat1,5653MAEindhoven",60059419,jblauw@virtualproteins.com,Bedrijf,"Medicaldevices,Research&Development"
StruktonWorksphereB.V.,http://www.struktonworksphere.nl/,"Westkanaaldijk2,3542DAUtrecht","Westkanaaldijk2,3542DAUtrecht",30134547,info.ws@strukton.com,Bedrijf,Bouwenelektrotechniek
AlewijnseNijmegen,http://www.alewijnse.com/nl,"Energieweg46,6541CXNijmegen","Postbus65,6500ABNijmegen",10019214,Niet bekend,Niet bekend,Niet bekend
CHCProductDevelopment,http://www.chinachallenge.nl/,"Tappersweg35,2031ETHaarlem","Tappersweg35,2031ETHaarlem",34225025,martijnp@chcbiz.com,Bedrijf,"Businessdevelopment,Medicaldevices"
Orikami,http://orikami.nl/,"Ridderstraat27,6511TMNijmegen","Ridderstraat27,6511TMNijmegen",52749096,info@orikami.nl,Bedrijf,"Consulting,Domotica,eHealth"
VanDoorneN.V.,https://www.vandoorne.com/,"Jachthavenweg121,1081KMAmsterdam","Postbus75265,1070AGAmsterdam",34199342,info@vandoorne.com,Bedrijf,"Consulting,Financieeladvies,JuridischAdvies"
IndesBV,http://www.indes.eu,"Pantheon28,7521PREnschede","Postbus265,7500AGEnschede",6092522,info@indes.eu,Bedrijf,"Businessdevelopment,Medicaldevices"
ConnectedcareservicesB.V.,http://www.connectedcare.nl,"Hogestraat54,6953AWDieren","Hogestraat54,6953AWDieren",57638764,support@connectedcare.nl,Bedrijf,"Consulting,ICT"
SynthonHoldingB.V.,http://www.synthon.com,"Microweg22,6545CMNijmegen","Postbus7071,6503GNNijmegen",10144473,communications@synthon.com,Bedrijf,"Biotechnologie,Farma,Research&Development"
ROCNijmegen,http://www.roc-nijmegen.nl,"Campusbaan6,6512BTNijmegen","Postbus6560,6503GBNijmegen",10043264,info@roc.nl,Kennisinstelling,MBO
SwingByB.V.,http://www.swingby.at,"VanderGrintenstraat1,5914HHVenlo","VanderGrintenstraat1,5914HHVenlo",63153300,wil@swingby.at,Niet bekend,Niet bekend
PilloGames,http://pillogames.com,"Hurksestraat26,5652ALEindhoven","Hurksestraat26,5652ALEindhoven",66977711,ard@pillogames.com,Bedrijf,Niet bekend
MedicalBookingB.V.,www.medicalbooking.com,"DoktervanDeenweg13,8025Zwolle",",",65272676,info@medicalbooking.nl,Bedrijf,ICT
Meeus,https://meeus.com/vestigingen/arnhem,"Mr.E.N.vanKleffenstraat4,6842CVArnhem","Postbus4100,6803ECArnhem",20009028,info@meeus.com,Bedrijf,"Consulting,Financieeladvies"
SonusHealthBV,www.sonus-health.com,"Wezeweg33,8181PNHeerde","Wezeweg33,8181PNHeerde",8076110,info@sonus-health.com,Bedrijf,Medicaldevices
InmoteMTB.V.,http://www.inmotemt.nl/,"Hengelosestraat541,7521AGEnschede","Hengelosestraat541,7521AGEnschede",60428295,info@inmotemt.nl,Bedrijf,"Consulting,eHealth,ICT"
MSD,http://www.msd.nl,"Molenstraat110,5342CCOss","Postbus20,5340BHOss",59421169,info@msd.nl,Bedrijf,"Biotechnologie,Farma"
MedicalPHIT,http://www.phit.nl,"Mercatorlaan1200,3528BLUtrecht","Mercatorlaan1200,3528BLUtrecht",32086258,info@phit.nl,Bedrijf,"Consulting,eHealth,ICT"
Rockstart,http://www.rockstart.com/accelerator/digitalhealth/,"NovioTechCampus,Transistorweg7b,gebouwA,6534ATNijmegen","Transistorweg7b,6534ATNijmegen",66493153,casper@rockstart.com,Bedrijf,ehealth
Redmax,http://www.redmax.nl,"Conradstraat38,3013APRotterdam","Conradstraat38,3013APRotterdam",24432732,info@redmax.nl,Bedrijf,"Businessdevelopment,Consulting,eHealth,ICT"
Khondrion,http://www.khondrion.com/,"PhilipsvanLeydenlaan15,6525EXNijmegen(route427)","POBox9101,6500HBNijmegen",9169454,info@khondrion.com,Bedrijf,Niet bekend
WindesheimlectoraatICT-innovatiesindezorg,http://www.windesheim.nl/,"Campus2-6,8017CAZwolle","Postbus10090,8000GBZwolle",53815033,info@windesheim.nl,Kennisinstelling,HBO
PharmaCyticsBV,http://www.pharmacytics.com/,"Smidse6,5374AJSchaijk","Smidse6,5374AJSchaijk",53985737,info@pharmacytics.com,Bedrijf,Farma
Ithrive,www.sonovr.com,"Transistorweg7,6534ATNijmegen","Transistorweg7B,6534ATNijmegen",66083877,nmuller@sonovr.com,Bedrijf,eHealth
ChristelijkeOnderwijsGroepVallei&Gelderland-MiddenROCA12COG,http://www.cog.nl,"Reehorsterweg80,6717LGEde","Postbus78,6710BBEde",9125963,info@roca12.nl,Kennisinstelling,MBO
BiobiteNederlandB.V.,www.biobite.nl,"Mecklenburglaan17,1404BEBussum","Mecklenburglaan17,1404BEBussum",61075957,info@biobite.nl,Niet bekend,Niet bekend
DataComputing,www.datacomputing.nl,"Kerkenbos1079,6538BBNijmegen","Kerkenbos1079,6538BBNijmegen",65709373,ad@datacomputing.nl,Bedrijf,"Biotechnologie,Consulting,eHealth,ICT,Research&Development"
Canisius-WilhelminaZiekenhuisCWZ,https://www.cwz.nl/,"WegdoorJonkerbos100,6532SZNijmegen","Postbus9015,6500GSNijmegen",9215413,klantenservice@cwz.nl,Zorginstelling,AlgemeenZiekenhuis
Valuemerge,http://www.valuemerge.com,"Messiaenpark43,5643JSEindhoven","Messiaenpark43,5653JSEindhoven",53775872,erengul.coskun@valuemerge.com,Bedrijf,"Businessdevelopment,Consulting,Marketing&communicatieadvies"
GesundheitsnetzwerkNiederrhein,http://www.gesundheitsnetzwerk-niederrhein.de,"Mercatorstrasse22-24,D-47051Duisburg","Mercatorstrasse22-24,D-47051Duisburg",1597eV,fritzsching@gesundheitsnetzwerk-niederrhein.de,Netwerkorganisatie,Netwerkorganisatie
Cure-BoxB.V.,http://www.cure-box.com,"Poggenbeekstraat42,6813KHArnhem","Poggenbeekstraat42,6813KHArnhem",61775584,info@cure-box.com,Bedrijf,"Consulting,Farma,Medicaldevices"
StraightSystemsBV,www.straight.nl,"Kattenburg29,6651ALDruten","Kattenburg29,6651ALDruten",10036636,info@straight.nl,Bedrijf,"ICT,Investeerder"
DOVIDEQmedicalB.V.,http://www.dovideqmedical.com,"Keulenstraat8G,7418ETDeventer","Keulenstraat8G,7418ETDeventer",52693031,info@dovideqmedical.com,Bedrijf,"Medicaldevices,Research&Development"
NovioTechCampus,http://www.noviotechcampus.com,"Transistorweg7N,6534ATNijmegen",",",56004591,info@noviotechcampus.com,Netwerkorganisatie,"Businessdevelopment,Netwerkorganisatie"
DEKRACertificationB.V.,http://www.dekra-certification.nl,"Meander1051,6825MJArnhem","Postbus5185,6802EDArnhem",9085396,rene.pot@dekra.com,Bedrijf,"Consulting,Medicaldevices"
PharmCMed,http://www.PharmCMed.com,"Disselstraat2,6515DBNijmegen","Disselstraat2,6515DBNijmegen",9193906,paul.bouten@pharmcmed.com,Bedrijf,Consultancy
Konings&Meeuwissen,http://www.konings-meeuwissen.nl/,"KeizerKarelplein1,6511NCNijmegen","Postbus1457,6501BLNijmegen",9187590,info@konings-meeuwissen.nl,Bedrijf,"Consulting,Financieeladvies"
ScienceLynk,http://www.sciencelynk.eu,"Heuvelsestraat5,5976NGKronenberg","Heuvelsestraat5,5976NGKronenberg",14115668,info@sciencelynk.eu,Bedrijf,"Consulting,IPAdvies"
Sioux,http://www.sioux.eu/nl,"Esp405,5633AJEindhoven","Esp405,5633AJEindhoven",17121277,info@sioux.eu,Bedrijf,"Consulting,Medicaldevices,Research&Development"
NirimcoB.V.,www.lifescienceinsurance.nl,"Scheldestraat2A,6882NEVelp","Postbus198,6880ADVelp",9137647,contact@nirimco.nl,Bedrijf,"Consulting,Financieeladvies,JuridischAdvies"
PharmITB.V.,http://www.pharmit.nl,"Horsten1,5612AXEindhoven","Horsten1,5612AXEindhoven",64259951,info@pharmit.nl,Bedrijf,"eHealth,ICT"
XendoB.V.,http://www.xendo.com,"Schipholweg73-75,2316ZLLeiden","Postbus255,2300AGLeiden",28108787,office@xendo.com,Bedrijf,"Biotechnologie,Businessdevelopment,Consulting,Farma"
VGZZorgverzekeraarNV,http://www.vgz.nl,"NieuweStationsstraat12,6811KSArnhem","Postbus5040,6802EAArnhem",9156723,jan-luuk.de.groot@vgz.nl,Bedrijf,Zorgverzekeraar
Pantein,http://www.pantein.nl,"DokterKopstraat2,5835DVBoxmeer","Postbus288,5830AGBoxmeer",41085517,info@pantein.nl,Niet bekend,Niet bekend
StichtingZorginnovatieNederland,http://www.zorginnovatie.nl,"Zonneoordlaan17,6718TKEde","Zonneoordlaan17,6718TKEde",65508157,info@zorginnovatie.nl,"Netwerkorganisatie,verbinden,versnellen","Community,Zorginnovatieprijs"
Health~Holland,http://www.health-holland.com,"LaanvanNieuwOost-Indië334,2593CEDenHaag","Postbus93035,2509AADenHaag",27380989,info@health-holland.com,Netwerkorganisatie,Niet bekend
R2ProB.V.,www.r2pro.nl,"Croesinckplein24-26,2722EAZoetermeer","Croesinckplein24-26,2722EAZoetermeer",27313781,operations@r2pro.nl,Bedrijf,"Businessdevelopment,Consulting,Medicaldevices"
NLCVenturesNetherlandsB.V.,http://www.nlc.nl,"Paasheuvelweg25,1105BPAmsterdam-Zuidoost","Paasheuvelweg25,1105BPAmsterdam-Zuidoost",57340943,info@nlc.nl,Bedrijf,Businessdevelopment
StudioRoosMeerman,http://www.roosmeerman.com,"Coehoornstraat15,6811LAARNHEM","Coehoornstraat15,6811LAARNHEM",60131985,info@roosmeerman.com,Niet bekend,Niet bekend
VanPazBV,www.vanpaz.com,"Strobloem21,2317LDLeiden","Strobloem21,2317LDLeiden",65859022,info@vanpaz.com,Bedrijf,"Businessdevelopment,Consulting,ICT,Research&Development"
HeartHealth,http://www.hearthealth.nl,"Betuwestraat3,6811MAArnhem","Betuwestraat3,6811MAArnhem",53909739,rob@hearthealth.nl,Bedrijf,Niet bekend
GemeenteNijmegen,http://www.nijmegen.nl,"KorteNieuwstraat6,6511PPNijmegen","Postbus9105,6500HGNijmegen",9220932,gemeente@nijmegen.nl,Overheid,Gemeente
ZwiersRegulatoryConsultancy,http://www.az-regulatory.com/,"Kloosterstraat9,5349ABOss","Industrielaan63,5349AEOss",53329821,info@az-regulatory.com,Bedrijf,"Consulting,Farma,Research&Development"
StichtingIKONE,www.ikone.nl,"Postbus1515,8001BMZwolle","Postbus1515,8001BMZwolle",61392944,info@ikone.nl,Bedrijf,Consulting
BizzInnovationGroup,http://www.bizzinnovationgroup.com,"Strijpsebaan26,5508RBVeldhoven","Strijpsebaan26,5508RBVeldhoven",62362321,dr.fredvanommen@bizzinnovationgroup.com,Bedrijf,"Businessdevelopment,Consulting"
BAATMedicalProductsBV,http://www.baatmedical.com/,"F.Hazemeijerstraat800,7555RJHengelo","F.Hazemeijerstraat800,7555RJHengelo",8130406,info@baatmedical.com,Bedrijf,Medicaldevices
ReclamebureauDplusMB.V.,http://www.dplusm.nl,"Klokgebouw151,5617ABEindhoven","Postbus330,5430AHCuijk",17260763,welkom@dplusm.nl,Bedrijf,"Consulting,Marketing&communicatieadvies"
StichtingGamesforHealthEurope,http://www.gamesforhealtheurope.org,"Vonderweg1,5611BKEindhoven","Vonderweg1,5611BKEindhoven",51390019,rene@gfheu.org,Niet bekend,Niet bekend
BioVoltB.V.,www.biovolt.nl,"Prinsestraat12,7513ALEnschede","Prinsestraat12,7513ALEnschede",57112797,management@biovolt.nl,Bedrijf,"Diagnostica,eHealth,Medicaldevices"
Fundwijzer,http://www.fundwijzer.nl,"Langestraat37,3861BMNijkerk","Langestraat37,3861BMNijkerk",62474758,bart.ruitenbeek@middenduin.nl,Bedrijf,Financieeladvies
NovioTaxB.V.,www.noviotax.com,"Jonkerbosplein52,6534ABNijmegen","Jonkerbosplein52,6534ABNijmegen",65951654,info@noviotax.com,Bedrijf,"Consulting,Financieeladvies,JuridischAdvies"
HCMMedical,http://www.hcm-medical.com,"Transistorweg5F,6611BKNijmegen","Transistorweg5F,6611BKNijmegen",61599581,c.vanmunster@hcm-medical.com,Niet bekend,Niet bekend
AlbertSchweitzerZiekenhuisASZ,www.asz.nl,"AlbertSchweitzerplaats25,3318ATDordrecht",",",23091362,Niet bekend,Zorginstelling,AlgemeenZiekenhuis
NTSOptelB.V.,http://www.optel.nl/,"Kerkenbos13,6546BGNijmegen","Kerkenbos1303,6546BGNijmegen",10033907,info@nts-group.nl,Bedrijf,"Bouwenelektrotechniek,Consulting"
IVitalz,www.teledoctor.co.zm,"Transistorweg7,6534ATNijmegen","Transistorweg7B,6534ATNijmegen",68609043,sam@teledoctor.co.zm,Bedrijf,eHealth
AvicennaVenturesB.V.,http://avicenna.vc/,"Paasheuvelweg25,1105BPAmsterdam","Paasheuvelweg25,1105BPAmsterdam",65864123,info@avicenna.vc,Bedrijf,"eHealth,Investeerder,Research&Development"
QuliBV,www.quli.nl,"Zonneoordlaan17,6718TKEde","Zonneoordlaan17,6718TKEde",63690160,administratie@quli.nl,Bedrijf,"eHealth,ICT"
KadansSciencePartner,www.kadanssciencepartner.nl,"Rijksweg5,5076PBHaaren","Rijksweg5,5076PBHaaren",30268578,info@kadanssciencepartner.nl,Bedrijf,Huisvesting&Faciliteiten
StichtingMedtechPartners,http://www.medtechpartners.nl,"Velperplein8,6811AGArnhem","Postbus60055,6800JBArnhem",9212539,info@medtechpartners.nl,Netwerkorganisatie,Netwerkorganisatie
Innovergo,www.innovergo.com,"Heikampseweg38,6598BNHeijen","Heikampseweg38,6598BNHEIJEN",62782789,info@ergoextra.com,Bedrijf,Gezondheid&Welzijn
OpenHealthHub,https://www.openhealthhub.com,"JanWagenaarlaan17,3832Leusden","JanWagenaarlaan17,3832Leusden",64377679,info@openhealthhub.com,Bedrijf,eHealth
WorldStartupFactoryB.V.,http://worldstartupfactory.com,"Spaarneplein2,2515VKDenHaag","Spaarneplein2,2515VKDenHaag",63623455,info@worldstartupfactory.com,Bedrijf,"Businessdevelopment,Investeerder"
NLONederlandschOctrooibureau,http://www.nlo.eu,"AnnavanBurenPlein21,2595DADenHaag","Postbus29720,2502LSDenHaag",27263335,info@nlo.eu,Niet bekend,Niet bekend
AmgenB.V.,http://www.amgen.com,"Minervum7061,4817ZKBreda","Postbus3345,4800DHBreda",20060763,janniev@amgen.com,Bedrijf,"Biotechnologie,Farma"
RegioArnhemNijmegen,http://www.regioan.nl,"Eusebiusbuitensingel53,6802EKArnhem","Postbus9029,6800ELArnhem",9214908,cecile.de.boer@arnhemnijmegen.eu,Overheid,regionalesamenwerking
MediGroupB.V.,http://www.medigroup.nl,"EmmyAndriessestraat302,1087MLAmsterdam","EmmyAndriessestraat302,1087MLAmsterdam",56240481,info@medigroup.nl,Bedrijf,"eHealth,ICT,Medicaldevices"
MenzisZorgverzekeraar,http://www.menzis.nl,"Ruyterlaan25,7511JHEnschede","Postbus75000,7500KCEnschede",50544810,info@menzis.nl,Bedrijf,Zorgverzekeraar
YES!Delft,http://www.yesdelft.com,"Molengraafsingel12,2629JDDelft","Molengraafsingel12,2629JDDelft",27379977,nils@yesdelft.nl,Bedrijf,"Businessdevelopment,netwerkorganisatie"
CoenraadsConsultancy,,"HeinoseVeldweg2,8141RRHeino","HeinoseVeldweg2,8141RRHeino",65618017,j.h.coenraads@outlook.com,Bedrijf,Consulting
JeroenBoschZiekenhuis,http://www.jeroenboschziekenhuis.nl,"HenriDunantstraat1,5223GZDenBosch","Postbus90153,5200MEDenBosch",41084046,patientencommunicatie@jbz.nl,Zorginstelling,AlgemeenZiekenhuis
JPRAdvocaten,http://www.jpr.nl,"Zutphenseweg31B,7418AHDeventer","Postbus623,7400APDeventer",52410021,info@jpr.nl,Bedrijf,JuridischAdvies
NovartisNetherlandsB.V.,http://www.novartis.nl,"Raapopseweg1,6824LZArnhem","Postbus241,6800LZArnhem",36044556,info@novartis.nl,Bedrijf,"Biotechnologie,Farma"
TU/eStrategicAreaHealth,https://www.tue.nl/health,"DeZaale,Eindhoven","Postbus513,MF3.089,5600MB,Eindhoven",51278871,health@tue.nl,Niet bekend,Niet bekend
NXPSemiconductors,http://www.nxp.com,"Hightechcampus60,5656AGEindhoven","Gerstweg2,6534AENijmegen",17070621,frans.widdershoven@nxp.com,Bedrijf,"ICT,Medicaldevices,Research&Development"
SHOCentravoormedischediagnostiek,http://www.sho.nl,"Larensteinselaan26,6882CTVelp","Postbus261,6880AGVelp",54297257,s.jansen@sho.nl,Bedrijf,Diagnostica
InnatossLaboratoriesB.V.,www.innatoss.com,"Kloosterstraat9,5349ABOss","Postbus172,5340ADOss",55711944,info@innatoss.com,Bedrijf,"Consulting,Diagnostica"
GeniumGroupNederland,http://www.genium.nl,"Bijsterhuizen24,6604LKWijchen","Bijsterhuizen2417,6604LKWijchen",11044208,info@genium.nl,Niet bekend,Niet bekend
VNO-NCWMidden,http://www.vno-ncwmidden.nl,"Boogschutterstraat1,7324AEApeldoorn",",",40650351,info@vno-ncwmidden.nl,Netwerkorganisatie,Netwerkorganisatie
Hyperion,http://www.hyperion-consultancy.nl,"Vlasmeersestraat90,5261TCVught","Vlasmeersestraat90,5261TCVught",51583755,info@hyperion-consultancy.nl,Niet bekend,Niet bekend
tBureau,http://tbureau.nl/,"Stationsplein91,5211BM's-Hertogenbosch","Stationsplein91,5211BM's-Hertogenbosch",68770405,info@tbureau.nl,Bedrijf,"Consulting,eHealth"
FlowbiotechBV,http://www.flowbiotech.nl,"Middenstraat42,4153ADBeesd","Middenstraat42,4153ADBeesd",60012048,info@flowbiotech.nl,Bedrijf,Farma
StichtingUnipartnersNijmegen,http://www.unipartners.nl/nijmegen,"ThomasvanAquinostraat2.00.05a,6525GDNijmegen","ThomasvanAquinostraat4,6525GDNijmegen",9174975,nijmegen@unipartners.nl,Niet bekend,Niet bekend
PEXLife,http://www.pexlife.com/,"Schiehavenkade58/60,3024EZRotterdam","Schiehavenkade58/60,3024EZRotterdam",60027290,arjen.huizinga@pexlife.com,Bedrijf,"Businessdevelopment,Consulting,eHealth,ICT"
StudentalentB.V.,http://www.studentalent.nl,"Raamweg19,2596HLDenHaag","Postbus16004,2500BADenHaag",27243369,info@studentalent.nl,Netwerkorganisatie,Netwerkorganisatie
StichtingIZZ,http://www.izz.nl,"ChristiaanGeurtsweg3,7335JVApeldoorn","ChristiaanGeurtsweg3,7335JVApeldoorn",41177414,info@stichtingizz.nl,Bedrijf,Zorgverzekeraar
iPecuniaPatentsBV,https://www.ipecunia.com/,"RijkswegZuid8,6131ANSittard","Postbus593,6160ANGeleen",12064214,info@ipecunia.com,Bedrijf,"Consulting,IPAdvies"
NederlandseOrganisatievoorToegepastNatuurwetenschappelijkOnderzoek(TNO),http://www.tno.nl,"AnnavanBuerenplein1,2595DADenHaag","Postbus3005,2301DALeiden",27376655,wegwijzer@tno.nl,Kennisinstelling,WO
HealthInvestmentPartners,http://www.healthinvestmentpartners.nl,"BarbaraStrozzilaan101,1083HNAmsterdam","BarbaraStrozzilaan101,1083HNAmsterdam",66390605,info@healthinvestmentpartners.nl,Bedrijf,"Financieeladvies,Investeerder"
SMBLifeSciences,http://www.smb-lifesciences.nl/,"Transistorweg5,6534ATNijmegen","Postbus9101HP903,6500HBNijmegen",9219407,Niet bekend,Niet bekend,Niet bekend
SaxionHogescholenEnschede,http://www.saxion.nl,"M.H.Tromplaan28,7513ABEnschede","Postbus70000,7500KBEnschede",38024938,info@saxion.nl,Kennisinstelling,HBO
DyzleServicesB.V.,www.dyzle.com,"Transistorstraat2,1322CEAlmere","Transistorstraat2d,1322CEAlmere",30199353,info@dyzle.com,Bedrijf,"eHealth,ICT"
SeniorPlusMobility,http://www.seniorplusmobility.nl/,"Groesbeeksedwarsweg134,6521DRNijmegen","Groesbeeksedwarsweg134,6521DRNijmegen",65826876,r.degrood@upcmail.nl,Bedrijf,"Gezondheid&Welzijn,Research&Development"
SDBFoundation/SDBInvestment,http://www.sdbfoundation.nl/,"Havenplein14,7411MEDeventer","Havenplein14,7411MEDeventer",41177477,info@sdbfoundation.nl,Bedrijf,"Financieeladvies,Investeerder"
NoviospinB.V.,http://www.noviospin.com,"Noorderpoort45,5916PJVenlo","Noorderpoort45,5916PJVenlo",66212707,info@noviospin.com,Bedrijf,Biotechnologie
GablesystemsBV,http://www.gablesystems.com,"Granaatstraat54,7554TRHengelo","Granaatstraat54,7554TRHengelo",63955466,info@gablesystems.com,Bedrijf,"Medicaldevices,Robotica,Revalidatie"
FundingSolutions(voorheenHezelbizz),www.fundingsolutions.nl,"BergenDalseweg122,6522BWNijmegen","Postbus31126,6503CCNijmegen",10044395,info@fundingsolutions.nl,Bedrijf,Financieeladvies
WenQ,http://www.wenq.nl,"Thijmstraat45,6531CMNijmegen","Thijmstraat45,6531CMNijmegen",9139502,info@wenq.nl,Niet bekend,Niet bekend
KlauwerConsultancy,http://www.klauwerconsultancy.nl,"Grobbestede21,6911BXPannerden","Grobbestede21,6911BXPannerden",62181289,info@klauwerconsultancy.nl,Niet bekend,Niet bekend
MedicalProductionTechnologyEuropeBV,www.mpteurope.com,"Mulderspark9,9351NRLeek","Mulderspark9-1,9351NRLeek",59789530,info@mpteurope.com,Bedrijf,"Consulting,Research&Development,Robotica"
EffectensterB.V.,http://www.effectenster.nl,"Laaressingel61,7534KAEnschede","Laaressingel61,7534KAEnschede",59435631,info@effectenster.nl,Niet bekend,Niet bekend
NovuqareHospitalEquipment,www.novuqare.com,"Kievitsven42,5249JJRosmalen","Kievitsven42,5249JJRosmalen",12031381,info@novuqare.com,Bedrijf,Medicaldevices
LoyensenLoeffNV,http://www.loyensloeff.com/nl-nl/home,"Utrechtseweg165,6862AJOosterbeek","Postbus170,6860ADOosterbeek",24370566,info@loyensloeff.com,Bedrijf,JuridischAdvies
KolibreB.V.(Zorgr),www.zorgr.nl,"Torenallee3,5617BAEindhoven","Torenallee3,5617BAEindhoven",58573224,info@zorgr.nl,Bedrijf,"eHealth,Netwerkorganisatie"
VIRe-careSolutionsBV,http://www.vir.nl,"Wekeromseweg8,6816VSArnhem","Wekeromseweg8A,6816VSArnhem",40480122,info@vir.nl,Bedrijf,"Consulting,ICT,Revalidatie"
LionixInternationalB.V.,http://www.lionix-international..com,"Hallenweg6,7522ALEnschede","Postbus456,7500ALEnschede",8166547,info@lionix-int.com,Bedrijf,"Biotechnologie,Diagnostica,Medicaldevices,Research&Development"
ValueProof,http://www.valueproof.nl/,"Rijksweg81,1411GENaarden","Rijksweg81B,1411GENaarden",32091397,tim.pellens@valueproof.nl,Bedrijf,"Consulting,eHealth,Marketing&communicatieadvies"
FreshIdeaFactory,http://fresh-idea-factory.nl/,"Torenmolenlaan67,7241VLLochem","Torenmolenlaan67,7241VLLochem",55128483,info@fresh-idea-factory.nl,Bedrijf,Medicaldevices
ITB-KwadraatBV,http://www.ITB2.nl,"GroteWoudhuis5,7325WMApeldoorn","GroteWoudhuis5,7325WMApeldoorn",8073394,info@itb2.nl,Bedrijf,"Consulting,ICT"
FutureDiagnosticsBV,http://www.future-diagnostics.nl,"Nieuweweg279,6603BNWijchen","Nieuweweg279,6603BNWijchen",10147063,info@future-diagnostics.nl,Bedrijf,"Diagnostica,Research&Development"
PhilipsMedicalSystemsNederlandB.V.,http://www.philips.com/healthcare,"Boschdijk525,5621JGEindhoven","Postbus80019,5600JZEindhoven",17039420,rik.bakker@philips.com,Bedrijf,Medicaldevices
NovioPonicsB.V.,http://www.noviotech.com,"SintJansweg20,5928Nijmegen","Molenveldlaan	43,6523RJNijmegen",59611642,l.zhou@noviotech.com,Niet bekend,Niet bekend
KplusVorganisatieadviesbureauBV,http://www.kplusv.nl,"Westervoortsedijk73,6827AVArnhem","Postbus60055,6800JBArnhem",9055476,info@kplusv.nl,Bedrijf,"Businessdevelopment,Consulting,Financieeladvies"
GATTTechnologiesBV,http://www.gatt-tech.com/,"Toernooiveld1,6525EDNijmegen","Toernooiveld1,6525EDNijmegen",52767329,info@gatt-tech.com,Bedrijf,"Biotechnologie,Medicaldevices"
Biobioseminars,http://www.biobioseminars.com/,"DeElst1,6700AHWageningen",",",54447631,info@biobioseminars.com,Bedrijf,"Biotechnologie,Research&Development"
MDxHealthResearchB.V.,http://www.mdxhealth.com,"Transistorweg5,6534ATNijmegen",",",9176917,clientservices.eu@mdxhealth.com,Bedrijf,"Biotechnologie,Diagnostica,Farma,Research&Development"
NYtor,http://www.nytor.nl/,"BergenDalseweg199,6522BJNijmegen","BergenDalseweg199,6522BJNijmegen",54450942,info@nytor.nl,Bedrijf,Diagnostica
DirkzwagerAdvocaten&Notarissen,http://www.dirkzwager.nl,"VanSchaeckMathonsingel4,6512ANNijmegen","Postbus55,6500ABNijmegen",9155757,info@dirkzwager.nl,Bedrijf,"IPAdvies,JuridischAdvies"
UsonoB.V.,www.usono.com,"HighTechCampus12,5656AEEindhoven","HighTechCampus12,5656AEEindhoven",67337244,info@usono.com,Bedrijf,Medicaldevices
ScopeOnderzoek,www.scope-onderzoek.nl,"Stationstraat11,4815NCBreda","Stationstraat11B9,4815NCBreda",64421279,info@scope-onderzoek.nl,Bedrijf,"Consulting,Research&Development"
CCDiagnostics,https://cc-diagnostics.com/,"Herestraat106,9711LMGroningen","Zwarteweg21A,9717HNGroningen",66882273,info@cc-diagnostics.com,Bedrijf,"Biotechnologie,Diagnostica,Medicaldevices"
MBILifeSciences&Health,http://www.mbi-lifesciencesandhealth.com/,"UMCUtrechtJuliusAcademie,Broederplein39-43,3703CDUtrecht","Broederplein39-43,3703CDUtrecht",30244197,mbilifesciencesandhealth@umcutrecht.nl,Kennisinstelling,"Ondernemerschap,OnderwijsenTraining,Onderzoek"
Hekkelmanadvocaten&notarissen,http://www.hekkelman.nl,"Oranjesingel39,6511NNNijmegen","Postbus1094,6501BBNijmegen",9170462,advocatuur@hekkelman.nl,Bedrijf,"IPAdvies,JuridischAdvies"
FourmoreInnovation,http://www.fourmore.eu,"Ploegstraat169,6532ABNijmegen","Ploegstraat169,6532ABNijmegen",60847611,thijs@fourmore.eu,Niet bekend,Niet bekend
GoClinici.o.,,"Transistorweg7,6534ATNijmegen","Transistorweg7B,6534ATNijmegen",67478247,artur.steffen@medlango.com,Bedrijf,eHealth
RabobankRijkvanNijmegen,http://www.rabobank.nl/rijkvannijmegen,"KeizerKarelplein1,6511NCNijmegen","Postbus144,6500ACNijmegen",10011016,info@rijkvannijmegen.rabobank.nl,Bedrijf,Financieeladvies
Valuepack,http://www.valuepack.nl,"DeVlotkampweg4,6545AGNijmegen","DeVlotkampweg4,6545AGNijmegen",9183346,info@valuepack.nl,Bedrijf,"Farma,Medicaldevices"
CentrumvoorZwangerschapenGeboorteB.V.(CVKK),www.cvzg.nl,"Torenlaan19,3742CRBaarn","Torenlaan19,3742CRBaarn",62052861,info@cvzg.nl,Niet bekend,Niet bekend
VRmaster,http://www.vrmaster.co,"Klokgebouw144-3,5617AB",",",9468057,Niet bekend,Niet bekend,Niet bekend
SmartBridgei.o.,www.smartbridgegroup.com,"Transistorweg7,6534ATNijmegen","Transistorweg7B,6534ATNijmegen",68621744,hua@smartbridgegroup.com,Bedrijf,eHealth
BioMedElementsB.V.,www.biomed-elements.com,"Toernooiveld1,6525EDNijmegen","Toernooiveld100,6525ECNijmegen",66732204,info@biomed-elements.com,Bedrijf,Research&Development
FocusCuraB.V.,http://www.focuscura.nl,"Odijkerweg1,3972NEDriebergen-Rijsenburg","Odijkerweg1,3972NEDriebergen-Rijsenburg",30206773,secretariaat@focuscura.nl,Bedrijf,"eHealth,ICT,Medicaldevices"
NewHealthCollectiveB.V.,www.newhealthcollective.nl,"Regulusweg5,2516ACDenHaag","Regulusweg5,2516ACDenHaag",58849092,info@newhealthcollective.nl,Bedrijf,"Consulting,eHealth"
MicroSureBV,www.microsure.nl,"DenDolech2,5612AZEindhoven","DenDolech2GEM-Z004,5612AZEindhoven",65436849,info@microsure.nl,Bedrijf,"Medicaldevices,Robotica"
StedendriehoekInnoveert,http://www.stedendriehoekinnoveert.nl,"Ecofactorij18,7325WCApeldoorn","Postbus10209,7301GEApeldoorn",8185127,sec@stedendriehoekinnoveert.nl,Netwerkorganisatie,Netwerkorganisatie
MedAngelB.V.,http://medangel.co/,"NovioTechCampus,Transistorweg5,6534ATNijmegen","Transistorweg5,6534ATNijmegen",855826721,amin@medangel.co,Bedrijf,Niet bekend
ChristelijkeHogeschoolEde,http://www.che.nl,"OudeKerkweg100,6717JSEde","Postbus80,6710BBEde",41052188,info@che.nl,Kennisinstelling,HBO
Stichtingi3B,http://www.i3b.org,"NieuweKanaal5,6709PAWageningen","Postbus268,6700AGWageningen",55396704,info@i3b.org,Netwerkorganisatie,"Businessdevelopment,Netwerkorganisatie,Research&Development"
DCDEurope,http://www.dcdeurope.com,"Esp210,5633ACEindhoven","Esp210,5633ACEindhoven",9116113,info@dcdeurope.com,Bedrijf,Medicaldevices
RelitechB.V.,http://www.relitech.nl,"VanSiburgstraat34,3863HWNijkerk","VanSiburgstraat34,3863HWNijkerk",39072517,jeroen.van.dongen@relitech.nl,Bedrijf,"ICT,Medicaldevices,Research&Development"
NoaberFoundation,http://www.noaber.com,"Dorpstraat14,6741AKLunteren","Postbus20,6740AALunteren",51668874,info@noaber.com,Netwerkorganisatie,"Businessdevelopment,Netwerkorganisatie"
MercatorIncubatorNijmegen,http://www.mercatorincubatornijmegen.nl,"Toernooiveld300,6525ECNijmegen","Toernooiveld300,6525ECNijmegen",9109354,info@mercatorincubatornijmegen.nl,Bedrijf,Businessdevelopment
PNOConsultants,http://www.pnoconsultants.nl,"LaanvanZuidHoorn15,2289DCRijswijk","LaanvanZuidHoorn15,2289DCRijswijk",6054870,lian.vanamerongen@pnoconsultants.com,Bedrijf,"Consulting,Financieeladvies"
TechnolutionB.V.,http://www.technolution.eu/,"BurgemeesterJamessingel1,2803WVGouda","Postbus2013,2800BDGouda",29031050,info@technolution.eu,Bedrijf,"ICT,Medicaldevices,Research&Development"
ImplementationIQ,http://www.implementation-iq.nl,"Zandweg116,3454JZDeMeern","Zandweg116B,3454JZDeMeern",52095452,info@implementation-iq.nl,Bedrijf,"Businessdevelopment,Consulting"
4CCreativeCadCamConsultants,http://www.4cccc.nl,"Meerstraat79,7815XBEmmen","Meerstraat79,7815XBEmmen",10156895,info@4cccc.nl,Bedrijf,"Consulting,eHealth,Medicaldevices,Robotica"
Fintomar,http://www.fintomar.nl,"Bellefleurgaarde34,3824ZDAmersfoort","Bellefleurgaarde34,3824ZDAmersfoort",60866535,info@fintomar.nl,Niet bekend,Niet bekend
StartupDelta,http://www.startupdelta.org,"JohanHuizingalaan763A,1066VHAmsterdam","JohanHuizingalaan763A,1066VHAmsterdam",SUD,info@startupdelta.org,Netwerkorganisatie,Netwerkorganisatie
GezondheidscentrumHonn,www.gezondheidscentrumhonnee.nl,"VanHorneplein3,6085CZHorn(Leudal)","VanHorneplein3,6085CZHorn(Leudal)",14123393,info@gezondheidscentrumhonnee.nl,Niet bekend,Niet bekend
HogeschoolvanArnhemenNijmegen,http://www.han.nl,"Ruitenberglaan31,6826CCArnhem","Postbus5171,6802EDArnhem",9091785,info@han.nl,Kennisinstelling,HBO
Growtivity,http://www.growtivity.com/,"WillemFenengastraat4C,1096BNAmsterdam","WillemFenengastraat4C,1096BNAmsterdam",634770458,erik.koridon@growtivity.com,Bedrijf,"DesignThinking,e-healthsolutions"
NLInvesteertB.V.,http://www.nlinvesteert.nl,"Asserwijk33,9406XJAssen","Asserwijk33,9406XJAssen",61387932,info@nlinvesteert.nl,Bedrijf,"Financieeladvies,Investeerder"
Allerzorg,www.allerzorg.nl,"Kasteel4,3441BZWoerden","Postbus2136,3440DCWoerden",33133450,info@allerzorg.nl,Zorginstelling,"Ouderenzorg,Thuiszorg"
DHLSupplyChain,www.dhl.com,"Achtsewegnoord30-36,gebouwA,5651GGEindhoven","Achtsewegnoord30-36,gebouwA,5651GGEindhoven",24168570,fred.westdijk@dhl.com,Bedrijf,Bedrijf-Farma|Bedrijf-Gezondheid&welzijn|Bedrijf-Medicaldevices
ZiekenhuisgroepTwente,https://www.zgt.nl,"Zilvermeeuw1,7609PPAlmelo","Postbus7600,7600SZAlmelo",809520060,k.peters@zgt.nl,Zorginstelling,Niet bekend
E-comvideoB.V.,http://www.e-comvideo.com,"Welgelegenlaan21,3971HLDriebergen","Welgelegenlaan21,3971HLDriebergen",61141070,jp.fonteijn@e-comvideo.com,Bedrijf,"Consulting,eHealth,Marketing&communicatieadvies"
TheeNoseCompany,http://www.eNose.nl,"Industrieweg85,7202CAZUTPHEN","Industrieweg85,7202CAZUTPHEN",57490716,info@enose.nl,Bedrijf,"eHealth,Medicaldevices"
StichtingLivio,http://www.livio.nl,"Boulevard1945460,7511ALEnschede","Postbus448,7500AKEnschede",8122202,jvdbiggelaar@livio.nl,Zorginstelling,Ouderenzorg
HealthEnvironmentSolutionsBV,www.relaxmaker.com,"Lintelerweg60,7556PDHengelo(O)","Lintelerweg60,7556PDHengelo(O)",67496520,info@relaxmaker.com,Bedrijf,Gezondheid&welzijn
SynappzMobileHealth,http://www.synappz.nl,"Dwarsweg15,5301KBZaltbommel","Hazelaarlaan8,5342HLOss",53188535,info@synappz.nl,Bedrijf,"Consulting,eHealth,ICT"
HappySenso,www.happysenso.com,"Kemphaanplein21,6883DXVelp","Kemphaanplein21,6883DXVelp",67135013,info@happysenso.com,Bedrijf,Gezondheid&Welzijn
PostNLPakkettenB.V.,http://www.postnl.nl/zakelijke-oplossingen/logistieke-oplossingen/,"Siriusdreef42-60,2132WTHoofddorp","Postbus3090,2130KBHoofddorp",34337145,info@postnl.nl,Bedrijf,Businessdevelopment
StichtingNationaalPlatformVerzuimenLetselschade,www.npvl.nl,"Haarlemmerstraat30,2181HCHillegom","Haarlemmerstraat30,2181HCHillegom",63916789,info@npvl.nl,Netwerkorganisatie,Netwerkorganisatie
Symax(MeXtra),http://www.symax.nl,"Ridderstraat27,6511TMNijmegen","Ridderstraat27,6511TMNijmegen",9110678,info@symax.nl,Bedrijf,"eHealth,ICT"
ITECMedicalB.V.,www.itecmedical.com,"Institutenweg25,7521PHEnschede","Institutenweg25A,7521PHEnschede",57722285,info@itecmedical.com,Bedrijf,Medicaldevices
ZentisMedicalB.V.,http://www.zentis.nl,"BoulevardHeuvelink106,6828KTArnhem","Postbus2092,6802CBArnhem",63651513,richardpost@zentis.nl,Bedrijf,"ICT,Medicaldevices"
D2GOICTClouddiensten,https://www.d2go.nl,"Tullekensmolenweg17,7361EN",",",63037297,info@d2go.nl,Niet bekend,Niet bekend
EDPPatentAttorneysB.V.,http://www.edpip.nl,"Bronland12,6708WHWageningen","Bronland12E,6708WHWageningen",52194795,ellens@edpip.nl,Bedrijf,"Consulting,ICT,IPAdvies"
StimpleConsultancy,http://www.stimple.nl,"Saturnusstraat53,6543XENijmegen","Saturnusstraat53,6543XENijmegen",62255657,rutger.leer@stimple.nl,Niet bekend,Niet bekend
Rhythm,http://www.rhythm.nl,"Houtsingel55,2719Zoetermeer","Postbus75,2700ABZoetermeer",61250600,bart.veltman@rhythm.nl,Niet bekend,Niet bekend
SpieringsMedischeTechniekB.V.,http://www.spierings.biz,"BergenDalseweg199,6522BJNijmegen","BergenDalseweg199,6522BJNijmegen",9127226,info@spierings.biz,Bedrijf,Medicaldevices
LavoisierBV,http://www.lavoisier.nl,"Zernikepark16,9747ANGroningen","Zernikepark16,9747ANGroningen",1167719,info@lavoisier.nl,Niet bekend,Niet bekend
MindrayMedical,http://www.mindray.com,"DrsW.vanRoyenstraat8,3871ANHoevelaken","Postbus26,3870CAHoevelaken",34280223,info.nl@mindray.com,Bedrijf,Medicaldevices
Kroodle,https://kroodle.nl/nl,"Saturnusstraat60-U48,2516AHDenHaag","Saturnusstraat60,2516AHDenHaag",27085000,contact@kroodle.nl,Bedrijf,"Businessdevelopment,ehealth,gezondheid&welzijn,ICT"
Vari-Stepp,http://www.vari-stepp.com,"Philipsenstraat1,5371CNRavenstein","Postbus111,5370ACRavenstein",55140572,info@vari-stepp.com,Bedrijf,"Gezondheid&Welzijn,Medicaldevices"
StichtingMilo,www.stichtingmilo.nl,"DekenBaekersstraat10,5482JHSchijndel","Postbus217,3440AEWoerden",17208147,info@stichtingmilo.nl,Zorginstelling,Gehandicaptenzorg
GemeenteArnhem,https://www.arnhem.nl/,"Koningsstraat38,6811DGArnhem","Postbus9029,6800ELArnhem",9214908,gemeente@arnhem.nl,"Overheid,gemeente",Niet bekend
Innovacare-eHealth,http://www.innovacare-ehealth.com	,"Pauwlaan4,5613CHEindhoven","Pauwlaan4,5613CHEindhoven",62493248,pieter.van.warmerdam@innovacare-ehealth.com,Niet bekend,Niet bekend
Pazio(UMCUtrecht),http://www.pazio.nl,"Groenekanseweg,3732AGDeBilt","Groenekanseweg70,3732AGDeBilt",30139053,info@pazio.nl,Bedrijf,"eHealth,AcademischMedischCentrum"
Z-NetwerkenNederland,http://www.z-netwerken.nl/,"Landzichtweg66,4105DPCulemborg",,9177500,gjvochten@z-netwerken.nl,Bedrijf,Zorgverbinders
SintMaartenskliniek,http://www.maartenskliniek.nl,"Hengstdal3,6574NANijmegen","Postbus9011,6500GMNijmegen",41055111,info@maartenskliniek.nl,Zorginstelling,"Paramedischezorg,Revalidatie"
PSPSExport&InvestmentServices,www.pspsconsultants.nl,"Bankaplein3,2585EVDenHaag","Bankaplein3,2585EVDenHaag",27180398,info@pspsconsultants.nl,Bedrijf,"Businessdevelopment,Consulting"
In.Control!B.V.,http://www.in-ctrl.biz/,"Bogardeind219,5664EGGeldrop","Postbus247,5660AEGeldrop",63763974,m.verlegh@in-ctrl.de,Bedrijf,"Consulting,Financieeladvies"
"ICARADekkerswald,gebouwDeKentering",http://www.icara.nl/,"Nijmeegsebaan29,6561KENijmegen","Postbus9011,6500GMNijmegen",54246946,info@icara.nl,Zorginstelling,Revalidatie
YachtBV,www.yacht.nl,"Diemermere25,1112TCAmsterdamZuidoost","Postbus12600,1100APAmsterdamZuidoost",62880942,mieske.lieuwen@yacht.nl,Bedrijf,"Financieeladvies,ICT,Netwerkorganisatie"
Accon-avmGroepB.V,http://www.acconavm.nl/,"Meander725,6825MEArnhem","Postbus5090,6802EBArnhem",9114594,info@acconavm.nl,Bedrijf,Financieeladvies
Radboudumc,http://www.radboudumc.nl,"GeertGrooteplein25,6525GANijmegen","Postbus9101,huispostnummer,6500HBNijmegen",41055629,john.schalken@radboudumc.nl,"Zorginstelling,academischmedischcentrum",topklinischeentopreferentezorg
TaskForceHealthCareTFHC,http://www.tfhc.nl,"PrinsesMargrietplantsoen33,2595AMDenHaag","PrinsesMargrietplantsoen33,2595AMDenHaag",2719781,info@tfhc.nl,Netwerkorganisatie,Landelijk
LunetZorg,http://www.lunetzorg.nl,"Croy5,5653LCEindhoven","Postbus270,5600AGEindhoven",17144573,raadvanbestuur@lunetzorg.nl,Zorginstelling,"Jeugdzorg,Ouderenzorg"
StichtingUnitedEconomy,http://www.unitedeconomy.nl/,"Ulvenhoutstraat60,6843RGArnhem","Ulvenhoutstraat60,6843RGArnhem",68974957,info@unitedeconomy.nl,Netwerkorganisatie,betaalmiddel
APSTherapy,http://www.apstherapy.nl/,"Ressenerbroek20,6666MRHeteren","Ressenerbroek20A,6666MRHeteren",9161580,info@apstherapy.com,Bedrijf,Medicaldevices
RenalTrackeri.o.,www.renaltracker.com,"Transistorweg7,6534ATNijmegen","Transistorweg7B,6534ATNijmegen",67427391,kirby@binayao.com,Bedrijf,eHealth
Beacon,http://www.beacon.nl,"Breullaan1,3971NGDriebergen-Rijsenburg","Breullaan1E,3971NGDriebergen-Rijsenburg",37079378,mail@beacon.nl,Niet bekend,Niet bekend
STARoDub,www.starodub.nl,"Dorpstraat28,5391AWNuland",",5390ABNuland",60766743,info@starodub.nl,Bedrijf,"Biotechnologie,Consulting,Farma"
VanBredaB.V.,http://www.vanbreda.nl,"Mercuriusweg21,6971GVBrummen","Postbus114,6970ACBrummen",8032786,s.vanwerven@vanbreda.nl,Bedrijf,"Domotica,ICT"
BeSureHealthcareB.V.,http://besure.online/,"LouisCouperusplein2,2514HPDenHaag","LouisCouperusplein2,2514HPDenHaag",65699432,info@besure.online,Bedrijf,"Businessdevelopment,eHealth"
StudioSpaen,http://www.explicare.media,"Stationsplein26,6512ABNijmegen","Stationsplein26,6512ABNijmegen",12895202,bernhard@explicare.media,Bedrijf,filmsenanimatiesvoordemedischesector
StichtingLucrum,http://www.lucrum.nl/,"JosinkEsweg8,7545PNEnschede","JosinkEsweg8,7545PNEnschede",8084612,annette.blok@lucrum.nl,Netwerkorganisatie,Niet bekend
IDLabsArt&Technology,http://www.eye-sense.com,"NovioTechCampus,gebouwA,Transistorweg7b,6534ATNijmegen","RockstartAccelerator,NovioTechCampus,gebouwA,Transistorweg7b,6534ATNijmegen",,ahmed@id-labs.org,Bedrijf,Niet bekend
InzentizBV,http://www.inzentiz.nl,"BoulevardHeuvelink106,6828KTArnhem","BoulevardHeuvelink106,6828KTArnhem",61927090,info@inzentiz.nl,Bedrijf,"eHealth,ICT,Medicaldevices,Research&Development"
Eppix,http://www.eppix.com,"Pascalweg6,6662NXElst","Pascalweg6,6662NXElst",9199361,info@eppix.com,Niet bekend,Niet bekend
Zorgfunders,http://www.zorgfunders.nl,"H.KamerlinghOnnesweg80,1402ELBussum","H.KamerlinghOnnesweg80,1402ELBussum",64600939,info@zorgfunders.nl,Bedrijf,"Consulting,Financieeladvies,Investeerder"
GemeenteUden,http://www.uden.nl,"Markt145,5401EJUden","Postbus83,5400ABUden",17279334,postbus83@uden.nl,Overheid,Gemeente
TicTagHoldingB.V.(profileringisKudoos),http://www.kudoos.nl,"SintAnnastraat50,6524GENijmegen","SintAnnastraat50,6524GENijmegen",64602915,pieter@kudoos.nl,Bedrijf,ICT
Sleep.ai,http://sleep.ai/,"NovioTechCampus,gebouwA,Transistorweg7,6534ATNijmegen","Transistorweg7,6534ATNijmegen",60986719,a.linssen@sleep.ai,Bedrijf,Niet bekend
VanEssenPatentB.V.,vanessenpatent.nl,"AgroBusinessPark50,6708PWWageningen","AgroBusinessPark50,6708PWWageningen",56164319,mail@vanessenpatent.nl,Bedrijf,"Consulting,IPAdvies"
Siza,http://www.siza.nl,"Kemperbergerweg139,6816RPArnhem","Postbus532,6800AMArnhem",9103844,info@siza.nl,Zorginstelling,Gehandicaptenzorg
Carintreggeland,http://www.carintreggeland.nl/,"Boortorenweg20,7554RSHengelo","Postbus506,7550AMHengelo",41027001,t.furtadoplacido@carintreggeland.nl,Zorginstelling,"Ouderenzorg,Paramedischezorg,Revalidatie"
BrocacefGroep,http://www.brocacefgroep.nl,"Straatweg2,7418CRMaarssen","Postbus5,3600AAMaarssen",30122110,info@brocacefgroep.nl,Bedrijf,"eHealth,Farma"
Zorgobligatie.nl,http://www.zorgobligatie.nl,"Seinstraat16,1223DADeBilt","ParkArenberg115,3731ERDeBilt",61885371,contact@zorgobligatie.nl,Bedrijf,"Financieeladvies,JuridischAdvies"
ArbolHealthcareRealEstate,http://www.arbolbv.nl,"DeHoef98,5242CNRosmalen","DeHoef98,5242CNRosmalen",64396479,rm@arbolbv.nl,Bedrijf,"Bouwenelektrotechniek,Consulting,Financieeladvies"
StichtingKlinischeCardiogenetica,http://cardiogen.eu,"Baarnseweg28,3735MHBoschenDuin","Baarnseweg28,3735MHBoschenDuin",65908864,susannebaars88@outlook.com,Bedrijf,Niet bekend
NBCL,http://www.nbcl.nl,"Kerkenbos1097,6546BBNijmegen","Kerkenbos1097C,6546BBNijmegen",56691475,info@nbcl.nl,Bedrijf,"Biotechnologie,Diagnostica,Medicaldevices"
EuropeanMedicalContractManufacturingB.V.,http://www.emcm.com,"Middenkampweg17,6545CHNijmegen","Middenkampweg17,6545CHNijmegen",10039596,info@emcm.com,Bedrijf,"Medicaldevices,Research&Development"
FagroConsultancyB.V.,http://www.fagro.nl,"IJsselburcht3,6825BSArnhem","Amerikalaan14,6199AEMaastricht-Airport",14054317,info@fagro.nl,Bedrijf,"Consulting,Financieeladvies,JuridischAdvies"
AscomBV,http://www.ascom.nl/,"Savannahweg31,3542SWUtrecht","Postbus40242,3504AAUtrecht",30041716,info@ascom.nl,Niet bekend,Niet bekend
BioteqPartnerBV,http://www.bioteqpartner.com,"Kantershof135,1104GGAmsterdam","Coldplaystraat17,6663HXNijmegenLent",58786643,jenny.bekkers@biopa.nl,Bedrijf,Bedrijf
ABodyIssue,http://www.abodyissue.com,"Dijkstraat39,6828JSArnhem","Sonsbeeksingel116,6822BKArnhem",59751185,hello@abodyissue.com,Niet bekend,Niet bekend
NutriciaResearchB.V.,,"Uppsalalaan12,3584CTUtrecht","Uppsalalaan12,3584CTUtrecht",9096817,Niet bekend,Niet bekend,Niet bekend
MeconBV,http://www.mecon.nl,"Koopmanslaan25,7005BKDoetinchem","Postbus679,7005ARDoetinchem",9186117,info@mecon.nl,Niet bekend,Niet bekend
SanadomeNijmegen(SanatelB.V.),http://www.sanadome.nl,"WegdoorJonkerbos90,6532SZNijmegen","Postbus31100,6503CCNijmegen",10143700,meeting@sanadome.nl,Bedrijf,Gezondheid&Welzijn
Bindinc.B.V.,www.bindinc.nl,"'sGravelandseweg80,1217EWHilversum","Postbus580,1200ANHilversum",32060212,anita.vanderaa@bindinc.nl,Bedrijf,"Gezondheid&Welzijn,Marketing&communicatieadvies"
Adelante,https://www.adelante-zorggroep.nl/,"Zandbergsweg111,6432CCHoensbroek","Postbus88,6430ABHoensbroek",41072650,info@adelante-zorggroep.nl,Zorginstelling,Revalidatie
PontesMedical,http://www.pontesmedical.com,"Heidelberglaan100,3584CXUtrecht","Postbus85500,3508GAUtrecht",30244197,l.a.m.evers@umcutrecht.nl,Netwerkorganisatie,Niet bekend
StichtingZorgAccent,http://www.zorgaccent.nl,"Bellavistastraat3,7604ADAlmelo","Postbus226,7600AEAlmelo",8142634,bestuur@zorgaccent.nl,Zorginstelling,"Ouderenzorg,Revalidatie"
IPPZ(Karify),http://www.ippz.nl,"Pythagoraslaan101,3584BBUtrecht","Pythagoraslaan101,3584BBUtrecht",30239954,info@ippz.nl,Bedrijf,"Consulting,eHealth,ICT"
OostNL,http://www.oostnl.nl,"LaanvanMalkenschoten40,7333NPApeldoorn","Postbus1026,7301BGApeldoorn",6060570,info@oostnl.nl,Netwerkorganisatie,"Netwerkorganisatie,Ontwikkelingsmaatschappij"
RadboudUniversiteit,http://www.ru.nl/,"Comeniuslaan4,6525HPNijmegen","Postbus9102,6500HCNijmegen",41055629,Niet bekend,"Kennisinstelling,universiteit",research
AbenaHealthcareB.V.,http://www.abena.nl/,"Akkerdistel2,5831PJBoxmeer","Akkerdistel2A,5831PJBoxmeer",12025762,info@abena.nl,Bedrijf,"eHealth,Medicaldevices"
TwentseZorgacademie,http://www.twentsezorgacademie.nl,"WethouderBeversstraat165,7543BKEnschede","WethouderBeversstraat165,7543BKEnschede",70370532,info@twentsezorgacademie.nl,Netwerkorganisatie,Thuiszorg
Zorgalliantie,http://www.zorgalliantie.com/,"BergenDalseweg81,6522BCNijmegen","BergenDalseweg81,6522BCNijmegen",65508157,zorgalliantie@han.nl,Netwerkorganisatie,Niet bekend
Micro-ServeLaboratorium,http://www.micro-serve.eu,"Einsteinstraat35,3902HNVeenendaal","Einsteinstraat35,3902HNVeenendaal",65269209,info@micro-serve.nl,Bedrijf,"Biotechnologie,Diagnostica,Medicaldevices"
VitaHoldingB.V.,http://www.vita-motion.nl,"Bellstraat35,3771AHBarneveld","Bellstraat35,3771AHBarneveld",52902552,info@vita-motion.nl,Bedrijf,"Medicaldevices,Robotica"
Qualizorg,http://www.qualizorg.nl,"Maagdenburgstraat22,7421ZCDeventer","Maagdenburgstraat22,7421ZCDeventer",8117771,info@qualizorg.nl,Bedrijf,"Consulting,eHealth,ICT,Research&Development"
AbelInnovationLab,http://www.yourabel.com,"Berberisstraat3,6543RMNijmegen","Berberisstraat3,6543RMNijmegen",62756478,thijs@yourabel.com,Niet bekend,Niet bekend
MedintecB.V.,http://www.medintec.eu,"Benedendorpseweg150,6862WPOosterbeek","Benedendorpseweg150,6862WPOosterbeek",59402407,baltussen@medintec.eu,Niet bekend,Niet bekend
ModiQuestResearchBV,http://www.modiquest.com/,"Molenstraat110,5342CCOss","Molenweg79,5349ACOss",9140674,info@modiquest.com,Niet bekend,Niet bekend
AgfaHealthCare,www.agfa.com,"Polakweg43049,2288GGRijswijk","Postbus12,2280AARijswijk",27010967,healthcare.nl@agfa.com,Bedrijf,"ICT,Medicaldevices"
"DondersInstituteforBrain,CognitionandBehaviour",http://www.ru.nl/donders/,"Kapittelweg29,6525ENNIJMEGEN","Postbus9101,6500HBNIJMEGEN",41058985,info@donders.ru.nl,Niet bekend,Niet bekend
PuntkommaNijmegenB.V.,www.puntkomma.nl,"Graafseweg107,6512BSNijmegen","Postbus13,6500AANijmegen",9128740,info@puntkomma.nl,Bedrijf,Marketing&communicatieadvies
NeofollicsHairTechnologyEuropeB.V.,http://www.neofollics.com,"Meander251,6825MCArnhem","Meander251,6825MCArnhem",63336782,info@neofollics.com,Bedrijf,Biotechnologie
HealthInnovationPark(HIP),http://www.healthinnovationpark.nl,"DokterStolteweg74a,8025AZZwolle","Postbus1226,8001BEZwolle",59535458,info@healthinnovationpark.nl,Netwerkorganisatie,Provincie
BactimmBV,http://www.bactimm.com/,"Middenkampweg19,6545CHNijmegen","Postbus6876,6503GJNijmegen",10146813,avmerode@bactimm.nl,Bedrijf,"Biotechnologie,Medicaldevices,Research&Development"
Pluryn,http://www.pluryn.nl,"Industrieweg50,6541TWNijmegen","Postbus53,6500ABNijmegen",9109774,mdraaisma@pluryn.nl,Zorginstelling,gehandicaptenzorg
MedicalDeviceprojectB.V.,http://www.mdproject.nl/,"Lupinesingel556,2403EBAlphena/dRijn","Lupinesingel556,2403EBAlphena/dRijn",27326333,info@mdproject.nl,Bedrijf,"Biotechnologie,Consulting,Medicaldevices"
UnitronSystemsB.V.,http://www.unitron.nl,"Schansestraat7,4515RNIJzendijke","Schansestraat7,4515RNIJzendijke",21015212,info@unitron.nl,Bedrijf,Medicaldevices
DeNieuweArbeid -DNAGelderland,https://www.denieuwearbeid.nu,"Javastraat68,6524MGNijmegen","Javastraat68,6524MGNijmegen",60964014,christianne@denieuwearbeid.nu,Netwerkorganisatie,"consultancy,HRM"
TiCaPro,http://www.ticapro.nl,"Wilhelminalaan102,6641KNBeuningen","Wilhelminalaan102,6641KNBeuningen",63253720,vincentwiliamphilips@gmail.com,Niet bekend,Niet bekend
TotemOpenHealthSensori.o.,http://openhealth.wemaketotem.org/,"Transistorweg7,6534ATNijmegen","Transistorweg7B,6534ATNijmegen",68356765,wouter@wemaketotem.com,Bedrijf,"Diagnostica,eHealth"
VitaValley,http://www.vitavalley.nl,"Zonneoordlaan17,6718TKEde","Zonneoordlaan17,6718TKEde",9147953,info@vitavalley.nl,Netwerkorganisatie,Netwerkorganisatie
HogeschoolVHLVanHallLarenstein,http://www.hogeschoolvhl.nl,"Larensteinselaan26,6882CTVelp","Postbus9001,6880GBVelp",1087061,info@hogeschoolvhl.nl,Kennisinstelling,HBO
HelixConsulting,http://www.helix-consulting.nl,"MarinusRuppertgebouw002,Leuvenlaan21,3584CEUtrecht","WillemC.vanUnnikgebouw,Heidelberglaan2,3584CSUtrecht",40482284,info@helix-consulting.nl,Bedrijf,Consultancy
Wimenco,www.wimenco.com,"DeKruigang3,6691PKGendt","DeKruigang3,6691PKGendt",64825329,info@wimenco.com,Bedrijf,"Businessdevelopment,Consulting"
LifetecZONe,http://www.lifeteczone.nl,"Buitenop8B1,6041LARoermond","Postbus1311,6040KHRoermond",14077518,info@lifeteczone.nl,Netwerkorganisatie,"Medicaldevices,Netwerkorganisatie"
IsatisHealthB.V.,http://www.isatis.nl,"KeizerKarelplein32,6511NHNijmegen","KeizerKarelplein32,6511NHNijmegen",9133018,jack.van.poll@isatis.nl,Bedrijf,"eHealth,Farma,ICT"
Surge-onMedicalB.V.,www.surge-on.eu,"Molengraaffsingel12,2629JDDelft","Oliemolen106,2614LGDelft",63571463,b.groosman@surge-on.eu,Bedrijf,"Medicaldevices,Research&Development"
Sleepvision,http://sleepvision.nl/,"Nassaulaan38,6571ADBergenDal","Nassaulaan38,6571ADBergenDal",9180168,info@sleepvision.nl,Bedrijf,Consulting
TebodinNetherlandsB.V.,http://www.tebodin.com/,"KeizerKarelVSingel45,5654NMEINDHOVEN","Postbus7613,5601JPEINDHOVEN",27336603,Niet bekend,Niet bekend,Niet bekend
ProvincieGelderland,http://www.gelderland.nl,"Prinsenhof3,6841CEArnhem","Postbus9090,6800GXArnhem",51468751,post@gelderland.nl,Overheid,Provincie
Zivver,http://www.zivver.com,"Overschiestraat65,1062XDAmsterdam","Overschiestraat65,1062XDAmsterdam",62937057,info@zivver.com,Bedrijf,ICT
MedValueBV,http://www.medvalue.nl,"GeertGrooteplein10,6525GANijmegen","Postbus9101,huispost715,6500HBNijmegen",61682349,info@medvalue.nl,Bedrijf,"Businessdevelopment,Consulting,Marketing&communicatieadvies"
CleanroomCombinationGroupBV,http://www.ccgholding.nl,"DeWaterlaat2,5571MZBergeijk","Postbus87,5570ABBergeijk",17092600,info@ccgholding.nl,Bedrijf,Bouwenelektrotechniek
NationaalReumafonds,http://www.reumafonds.nl,"Dr.JanvanBreemenstraat4,1056ABAmsterdam   ","Postbus59091,1040KBAmsterdam ",40408531,info@reumafonds.nl,Kennisinstelling,WO
HaleCompany,www.halecompany.eu,"Ericalaan2A,6703EMWageningen","Ericalaan2A,6703EMWageningen",30280319,info@halecompany.eu,Bedrijf,"Businessdevelopment,Consulting"
CRDLT,www.contactdooraanraking.nl,"VanAkenweg2,6218HNMaastricht","VanAkenweg2,6218HNMaastricht",61894249,info@crdlt.com,Bedrijf,"eHealth,Gezondheid&Welzijn,Robotica"
CBMRScientificNanoscienceB.V.,http://www.cbmrscientific.com,"BlauweHoek4,6686AEDoornenburg","BlauweHoek4,6686AEDoornenburg",62863541,info@cbmrscientific.com,Bedrijf,"Biotechnologie,Research&Development"
Umenz,www.umenz.com,"Franciscusweg14,1216SKHilversum","Franciscusweg,1216SFHilversum",54703751,huige@umenz.com,Bedrijf,Bedrijf-eHealth
Medox.nlB.V.,www.medox.nl,"Utopialaan36,5232CE'sHertogenbosch","Postbus24,5201AA'sHertogenbosch",9147530,info@medox.nl,Niet bekend,Niet bekend
Arnold+Siedsma,http://www.arnold-siedsma.com,"Oranjesingel47,6511NNNijmegen","Oranjesingel47,6511NNNijmegen",20060991,kadamczyk@arnold-siedsma.nl,Bedrijf,Octrooi-enmerkenbureau
NeurOp,http://www.neurop.nl,"Waghenaerdreef92,2661RBBergschenhoek","Waghenaerdreef92,2661RBBergschenhoek",62358448,koen.meeusen@neurop.nl,Niet bekend,Niet bekend
FiltexAirFiltration,http://filtex-ned.nl/leenders/,"Weezenhof3270,6536GZNijmegen","Postbus6932,6503GKNijmegen",10043387,info@filtex-ned.nl,Niet bekend,Niet bekend
Hezelburcht,https://www.hezelburcht.com/,"BergenDalseweg122,6522BWNijmegen","Postbus31126,6503CCNijmegen",10142759,info@hezelburcht.com,Bedrijf,"Consulting,Financieeladvies"
ZilverenKruis,http://www.zilverenkruis.nl,"Storkstraat12,3833LBLeusden","Postbus444,2300AKLeiden",30208637,jeroen.kemperman@zilverenkruis.nl,Bedrijf,Zorgverzekeraar
ProPersona,www.propersona.nl,"Wolfheze2,6874BEWolfheze","Postbus27,6870AARenkum",41053219,m.kuit@propersona.nl,Zorginstelling,GGZ
MindYourMarket,www.mindyourmarket.nl,"Herestraat106,9711LMGroningen","Herestraat106,9711LMGroningen",63649748,info@mindyourmarket.nl,Bedrijf,Marketing&communicatieadvies
ZZGZorggroep,http://www.zzgzorggroep.nl/,"Nijmeegsebaan29,6561KEGroesbeek","Postbus9001,6560GBGroesbeek",9162727,info@zzgzorggroep.nl,Bedrijf,"Ouderenzorg,Thuiszorg"
QserveGroup,http://www.qservegroup.com/,"Asterweg19,1031HLARNHEM","Postbus674,6800ARARNHEM",37117708,info@qservegroup.com,Niet bekend,Niet bekend
SSUFoundation,www.ssufoundation.nl,"Heidelberglaan2,3584CSUtrecht","Heidelberglaan2,3584CSUtrecht",41265117,ssu.geo@uu.nl,Kennisinstelling,WO
Promovendis,http://www.promovendis.nl,"Bachlaan7,1411JBNaarden","Bachlaan7,1411JBNaarden",61734527,info@promovendis.nl,Niet bekend,Niet bekend
TMSInternationalB.V.,http://www.tmsi.com/,"Zutphensestraat57,7575EJOldenzaal","Zutphensestraat57,7575EJOldenzaal",20056730,support@tmsi.com,Bedrijf,"Medicaldevices,Research&Development"
BambiMedical,http://www.bambi-medical.com,"HighTechCampus12,5656AEEindhoven",",",66325153,info@bambi-medical.com,Bedrijf,Medicaldevices
GlobalCoreMedicalB.V.,http://www.globalcoremedical.com/,"Schoterweg12,2021HMHaarlem","Schoterweg12,2021HMHaarlem",67304672,info@globalcoremedical.com,Bedrijf,Investeerder
TechmedicInternationalB.V.,http://www.techmedicinternational.com,"BroekerWerf6,1721PCBroekopLangedijk","BroekerWerf6,1721PCBroekopLangedijk",57442622,info@techmedicinternational.com,Niet bekend,Niet bekend
VoetencentrumArnhemB.V.,http://www.voetencentrumarnhem.nl,"NieuweAamsestraat26,6662NDElst","Postbus51,6660ABElst",52552586,info@voetencentrumarnhem.nl,Bedrijf,"ICT,Medicaldevices,Robotica"
NovioSysB.V.,http://www.noviosys.com,"Transistorweg5,6534ATNijmegen","Transistorweg5,6534ATNijmegen",63562626,pavla.jansova@noviosys.com,Bedrijf,"eHealth,Medicaldevices,Research&Development"
Elekta|NucletronOperationsBV,http://www.elekta.com,"Waardgelder1,3905THVeenendaal","Waardgelder1,3905THVeenendaal",30129540,info.europe@elekta.com,Bedrijf,Medicaldevices
RocheNederlandB.V.,http://www.roche.nl,"Beneluxlaan2,3446GRWoerden","Postbus44,3440AAWoerden",30041907,carel.van_vugt@roche.com,Bedrijf,Farma
MedInReali.o.,http://www.medinreal.com/,"Transistorweg7,6534ATNijmegen","Transistorweg7B,6534ATNijmegen",67670067,miguel@medinreal.com,Bedrijf,"eHealth,ICT,Medicaldevices"
DecodeonB.V.,www.Decodeon.com,"Boothstraat5,3512BTUtrecht","Boothstraat5,3512BTUtrecht",6480915,info@decodeon.com,Bedrijf,"Businessdevelopment,eHealth,Gezondheid&Welzijn,ICT,Netwerkorganisatie,Consultancy"
UniversiteitTwente(MIRA),,"Drienerlolaan5,7522NBEnschede","Postbus217,7500AEEnschede",80166817,info@utwente.nl,Kennisinstelling,"Research&Development,WO"
TheHabitAgencyB.V.,http://www.habitagency.com,"LaanvanRasseghem33,4835CGBreda","LaanvanRasseghem33,4835CGBreda",57827125,contact@habitagency.com,Bedrijf,"Consulting,eHealth"
Biolegio,http://www.biolegio.com/,"Lagelandseweg56,6545CGNijmegen","Postbus91,6500ABNijmegen",53086996,info@biolegio.com,Bedrijf,"Biotechnologie,Research&Development"
