Laneco,6717 XA
Koeman en Bijkerk BV,9750 AC
"Van der Goes en Groot, ecologisch onderzoeks- en adviesbureau",1822 BS
Dura Vermeer Infra Landelijke Projecten,0027 GM
Dura Vermeer Infra Landelijke Projecten,0027GM
Aveco de Bondt,7451 CH
Movares,3511 SX
Elodea,9212 VC
Bureau FaunaX,8401 BL
Bureau Verbeek,6222 PB
Movares,3511 SX
Ekoza,6827 DH
Eelerwoude,7470 AB
Movares,3511 SX
Eco Reest,7921 JP
Stichting Bargerveen,6500 GL
Econsultancy,6071 KS
ECOquickscan,6924 BJ
AFO Advisering en Onderzoek,1935 AM
Geofoxx,7575 AP
ATKB,3241 TA
SAB adviseurs in ruimtelijke ontwikkeling,6800 AL
Aveco de Bondt,2528 KH
Aveco de Bondt,2528KH
Hofman Aquamarien,1035 TT
EcoGroen Advies,3895 AB
EcoGroen Advies,3895AB
BRO,1018 TX
BRO,5931 PK
Royal HaskoningDHV,5361 AD
Royal HaskoningDHV,5361AD
Witteveen+Bos Raadgevend Ingenieurs,7400 AE
Buro Bakker,9401 DZ
Eurofins Aquasense,3771 NB
Bureau Waardenburg,4101 CK
ATKB,3241 TA
Bureau Viridis,4104 AW
Bureau Aandacht Natuur,1346 BF
Bureau Aandacht Natuur,1346BF
Adviesbureau E.C.O. Logisch,2451 VW
Movares,3511 SX
Groot Eco Advies,1721 DX
Fopma NatuurAdvies,7983 KJ
Movares,3511 SX
Witteveen+Bos Raadgevend Ingenieurs,7400 AE
Movares,3511 SX
BRO,1018 TX
Landschappartners,3454 XZ
Eurofins Aquasense,3630 VI
Eco-Niche,2311 WD
Eco-Niche,2311WD
LievenseCSO infra water en milieu,4800 DD
Koenders & Partners,3413 MS
Movares,3511 SX
NWCadvies,0033 CC
NWCadvies,0033CC
Regelink Ecologie & Landschap,7802 CF
Regelink Ecologie & Landschap,7802CF
Loo Plan,6994 CD
Regelink Ecologie & Landschap,7487 AC
Regelink Ecologie & Landschap,7487AC
Aequator Groen & Ruimte,3840 BD
Regelink Ecologie & Landschap,9024 DC
Regelink Ecologie & Landschap,9024DC
BügelHajema Adviseurs,9401 GN
Movares,3511 SX
Movares,3511 SX
Regelink Ecologie & Landschap,6709 TA
Movares,3511 SX
ARCADIS Nederland BV,5351 AE
ARCADIS Nederland BV,5351AE
Regelink Ecologie & Landschap,5437 AE
Regelink Ecologie & Landschap,5437AE
b&d Natuuradvies,2071 DA
Buro Bakker,9401 DZ
Adviesbureau Haver Droeze,3811 EG
Hunink Ecologie,3890 AA
John Melis ecologie,8401 GB
John Melis ecologie,8401GB
Aequator Groen & Ruimte,3840 BD
BTL Advies,2018 BT
VanderHelm Milieubeheer BV,2652 XA
Eelerwoude,7470 AB
Natuurbalans - Limes Divergens,6525 ED
Sweco,3732 HM
Dactylis,3584 CH
ARCADIS Nederland BV,5351 AE
ARCADIS Nederland BV,5351AE
BRO,5282 WV
Ecologica,1024 HE
Tauw,1001 NS
Stichting Staring Advies,6997 CB
Faunaconsult,5951 GK
Jasja Dekker Dierecologie,2528 KH
Jasja Dekker Dierecologie,2528KH
Naturio,2528 KH
Naturio,2528KH
de Bouwecoloog,2821 AB
Stichting Bargerveen,6500 GL
Buro Bakker,9401 DZ
SAB adviseurs in ruimtelijke ontwikkeling,6800 AL
Eco-Niche,2311WD
Aequator Groen & Ruimte,3840 BD
