SigmaScreening,7558 PJ
orTius,3822 XE
MAURITSKLINIEKEN,2528 KH
MAURITSKLINIEKEN,2528KH
Cytomate,5611 AZ
Quantib,3012 KM
inno4life,4817 ZJ
SigmaScreening,7558 PJ
PROLIRA,3584 CH
"
Relay42
",1021 JL
Humeca,7623 CS
Karify,3584 BB
PROLIRA,3584 CH
Karify,3584 BB
Karify,3584 BB
HighCare,4701 EK
Ventinova,5652 BJ
MedAngel,7576 PJ
MedAngel,7576PJ
"boschman group
",9001 TC
"boschman group
",9001TC
Esdec,7418 EE
QSight it,2628 XJ
VIRTUAL AFFAIRS,1096 BD
VIRTUAL AFFAIRS,1096BD
IQ Messenger,3316 GZ
Opdidakt:  leer- en ontwikkelingsinstituut,5831 GH
RDW Tandartsen: aanbieder tandheelkundige zorg,8281 XD
QSight it,2628 XJ
