ABB b.v.,George Hintzenweg 81,3068 AX  Rotterdam,http://www.abb.com
ANDRITZ Gouda B.V.,Coenecoop 88,2741 PD  WADDINXVEEN,http://www.andritzgouda.com
Aris B.V.,Zeelsterstraat 80,5652 EL  Eindhoven,www.arisbv.nl
AWETA G&P B.V.,Burgemeester Winkellaan 3,2631 HG  NOOTDORP,http://www.aweta.nl
BluePrint Automation B.V.,Oostzee 26,3446 CH  WOERDEN,http://www.blueprintautomation.nl
Bodec,Scheepsboulevard 3,5705 KZ  Helmond,http://www.bodec.eu/
Bosch Packaging Technology B.V.,Conradstraat 4,3125 BC  SCHIEDAM,http://www.boschpackaging.com/en/pa/about-us/locations/netherlands/schiedam.html
BPA Racupack B.V.,Bellweg 2,4104 BJ  CULEMBORG,http://www.racupack.nl
C. van ’t Riet Dairy Technology B.V.,Energieweg 20,2421 LM  NIEUWKOOP,http://www.rietdairy.nl
Cool Wave Processing B.V.,Agro Business Park 10,6708 PW  WAGENINGEN,http://www.cwp-bv.nl/
CPM Europe B.V.,Rijder 2,1507 DN  ZAANDAM,http://www.cpmeurope.nl
CSI Industries BV,Lissenveld 41,4941 VL  Raamsdonksveer,http://www.csiportal.com
Dinnissen B.V.,F: 077 467 37 85,E:,https://www.dutchfoodsystems.nl/leverancier-categorie/sections/bakery/
Dutch Thermal Engineering N.V.,Westerbroekstraat 18,7011 EX  GAANDEREN,http://www.dte-engineering.eu
EA Broekema BV,De Zwaaikom 1,9641 KV  VEENDAM,http://www.broekema.nl
ELM Industrial Automation and Installation Technology,Groesweg 7,5993 NN  Maasbree,https://www.dutchfoodsystems.nl/leverancier-categorie/sections/bakery/
Foodmate B.V.,Rontgenstraat 18,3286 LK  Oud Beijerland,http://www.foodmate.nl/
GEA De Klokslag Engineering B.V.,Hichtumerweg 7,8701 PG  BOLSWARD,http://www.klokslag.nl
GEA Food Solutions Bakel B.V.,Beekakker 11,5761 EN  BAKEL,http://www.gea.com
Geelen Counterflow,Windmolenweg 43,6081 PJ  Haelen,http://www.geelencounterflow.com/en
Geerlofs Koeltechniek B.V.,Delftweg 66,2289 BA  RIJSWIJK ZH,http://www.geerlofs.com
GKS Packaging B.V.,Ekkersrijt 7308,5692 HH  Son,http://www.gkspackaging.com
Hak & Partners B.V.,Woudrichemseweg 36,4286 LB  ALMKERK,http://www.hak-partners.nl
Heurkens & van Veluw,Hunebedstraat 2,5342 LK  Oss,http://www.heurkens-veluw.nl/
Houdijk Holland,Trawlerweg 4,3133 KS  VLAARDINGEN,http://www.houdijk.com
Innotec Systems,van der Kunstraat 1a,4251LN  Werkendam,http://www.innotec-systems.net/
Jansen & Heuning Bulk Handling Systems,Duinkerkenstraat 11,9723 BN  GRONINGEN,http://www.jh.nl
JBT Food & Dairy Systems,Deccaweg 32,1042 AD  AMSTERDAM,https://www.dutchfoodsystems.nl/leverancier-categorie/sections/bakery/
JFPT B.V.,Telfordstraat 10,8013 RM  Zwolle,http://www.jfpt.nl
Jonge Poerink Conveyors BV,Industriestraat 6,7622 AV  BORNE,http://www.jpconveyors.com
Kaak Nederland B.V.,Varsseveldseweg 20,7061 GA  TERBORG,http://www.kaak.nl
Kiremko B.V.,Tasveld 7,3417 XS  MONTFOORT,http://www.kiremko.com
KSE Process Technology B.V.,Rondweg 27,5531 AJ  BLADEL,http://www.kse.nl
KTR Benelux BV,Oosterveldsingel 3,7558 PJ  Hengelo,https://www.ktr.com/nl
Langenpac B.V.,Edisonstraat 14,6604 BV  WIJCHEN,http://www.langengroup.com
Lantech.com Co,De Hork 42,5431 NS  CUIJK,http://www.lantech.com
LDL-Bulkhandling B.V.,Bonnetstraat 26,6718 XN  Ede,https://www.ldl-bulkhandling.nl/
Marel Meat Processing B.V.,Handelstraat 3,5831 AV  BOXMEER,http://marel.com/benelux/over-ons/marel-meat-processing
Marel Stork Poultry Processing B.V.,Handelstraat 3,5831 AV  BOXMEER,http://marel.com/poultry-processing
Marel Townsend Further Processing B.V.,Kleine Broekstraat 24,5831 AP  BOXMEER,http://www.marel.com
Meyn Food Processing Technology B.V.,Westeinde 6,1511 MA  OOSTZAAN,http://www.meyn.com
Moba B.V.,Stationsweg 117,3771 VE  BARNEVELD,http://www.moba.nl
MPS Red Meat Slaughtering B.V.,Albert Schweitzerstraat 33,7131 PG  LICHTENVOORDE,http://www.mps-group.nl
OMVE Lab & Pilot Equipment,Gessel 61,3454 MZ  DE MEERN,http://www.omve.com
Pas Reform,Bovendorpsstraat 11,7038 CH  Zeddam,www.pasreform.com
Perdijk & Co. B.V.,Gustoweg 27,3029 AR  ROTTERDAM,http://www.perdijk.nl
PMB-UVA International bv,Meerenakkerweg 32,5652 AV  EINDHOVEN,http://www.pmb-uva.com
Poeth B.V.,Tichlouwstraat 5,5932 AA  TEGELEN,http://www.poeth.nl
Prinsen Handling Solutions BV,Traktieweg 18,8304 BA  EMMELOORD,http://www.prinsenbv.com
Rademaker B.V.,Plantijnweg 23,4104 BC  CULEMBORG,http://www.rademaker.com
Robert Bosch Packaging Technology B.V.,Industriekade 43,6001 SE  WEERT,http://www.bosch.nl
Royal Duyvis Wiener B.V.,Schipperslaan 15,1541 KD  KOOG AAN DE ZAAN,http://www.duyviswiener.nl.
SFK LEBLANC The Netherlands BV,Hesselinks Es 6,7271 LA  BORCULO,http://www.sfkleblanc.com
Tanis Food Tec B.V.,Zuiveringweg 26,8243 PZ  LELYSTAD,http://www.tanisfoodtec.com
Technisch Buro Kortlever B.V.,Energieweg 33,4231 DJ  MEERKERK,http://www.kortlever.nl
Terlet B.V.,Oostzeestraat 6,7202 CM  ZUTPHEN,http://www.terlet.com
TNA NL Manufacturing B.V.,Oostzee 26,3446 CH  WOERDEN,http://www.tnasolutions.com
Tolsma Techniek Emmeloord B.V.,Fabrieksweg 7,8304 AT  EMMELOORD,http://www.tolsma.nl
Top B.V.,Agro Business Park 10,6708 PW  WAGENINGEN,http://www.top-bv.nl
Transil International B.V.,Industriepark 8,7021 BL  Zelhelm,http://www.transil.com/
Tromp Group B.V.,Edisonweg 9,3752 LV  BUNSCHOTEN-SPAKENBURG,http://www.trompgroup.nl/
Tummers Machinebouw B.V.,Ampereweg 4,4631 SP  HOOGERHEIDE,http://www.tummers.nl
Van Aarsen Machinefabriek B.V.,Heelderweg 11,6097 EW  HEEL,http://www.aarsen.com
van Mourik Group,Boylestraat 34,6718 XN  Ede,https://www.dutchfoodsystems.nl/leverancier-categorie/sections/bakery/
Vencomatic Group,Venco Campus Meerheide 200,5521 DW  Eersel,www.vencomaticgroup.com
Verhoeven Oss,Parallelweg 13,5349 AD  Oss,http://www.verhoevenoss.nl/
WAFA Industries B.V,Prinses Margrietplantsoen 33,2595AM  Den Haag,www.wafaindustries.com
Werner & Pfleiderer Haton B.V.,Industrieterrein Panningen 13,5981 NK  PANNINGEN,http://www.wp-haton.com
