4 PM entertainment,1059 CA
40UP Holding BV,1017 WV
A Venue Events B.V.,1017 ER
Absolutely Fresh B.V.,7521 SB
Agents After All,1000 CR
Alda Events BV,1059 CP
Allfence B.V.,5680 AC
Art of Entertainment B.V.,1500 GE
Berenkooi B.V.,1019 AK
Dekmantel,1012 DC
DRIFT OM TE DANSEN BV,3027 AK
E&A Holding B.V.,1059 CA
Elevation Events Beheer BV,3533 HC
Extrema Holding B.V.,5604 CD
Faul Productions,1511 DG
Feestfabriek Alles Komt Goed B.V.,7255 ZG
First Vision B.V.,5602 JB
Friendly Fire B.V.,1101 DL
High Energy Events B.V.,8004 DD
ID&T,1031 KS
Into the Woods B.V.,3811 HA
LOC7000,7240 AD
Loveland Events,1059 CE
Matrixx Events B.V.,6538 SX
Mojo Concerts B.V.,2601 DC
Monumental Productions B.V.,1017 BR
Par-T Events,5469 DT
Radio 538 B.V.,1200 CM
Rapido Events B.V.,1018 AX
Stichting de Kloontjes,5060 AG
Stichting Rotterdam Festivals,3001 AJ
UDC Events B.V.,1448 KN
United States of Entertainment B.V.,3931 ES
